String,"Source (plugin or theme)","Čeština (cs_CZ)"
"<b>AJAX Search for WooCommerce</b>: You need PHP version at least 5.3 to run this plugin. You are currently using PHP version ",ajax-search-for-woocommerce,"<b>AJAX Search for WooCommerce</b>: You need PHP version at least 5.3 to run this plugin. You are currently using PHP version "
"<b>AJAX Search for WooCommerce</b>:<br /> Your PHP version <b><i>%s</i></b> will not longer supported in the next plugin releases.",ajax-search-for-woocommerce,"<b>AJAX Search for WooCommerce</b>:<br /> Your PHP version <b><i>%s</i></b> will not longer supported in the next plugin releases."
" You have to update your PHP version to least 5.5 (recommended 7.2 or greater).",ajax-search-for-woocommerce," You have to update your PHP version to least 5.5 (recommended 7.2 or greater)."
"If you cannot upgrade your PHP version yourself, you can send an email to your host.",ajax-search-for-woocommerce,"If you cannot upgrade your PHP version yourself, you can send an email to your host."
"If you do not upgrade the php version, the next plugin release will not work!",ajax-search-for-woocommerce,"If you do not upgrade the php version, the next plugin release will not work!"
"Remind me again in week.",ajax-search-for-woocommerce,"Remind me again in week."
"<b>AJAX Search for WooCommerce</b> is enabled but not effective. It requires %s in order to work.",ajax-search-for-woocommerce,"<b>AJAX Search for WooCommerce</b> is enabled but not effective. It requires %s in order to work."
"Yes - I'm in!",ajax-search-for-woocommerce,"Yes - I'm in!"
"Not today",ajax-search-for-woocommerce,"Not today"
"Yes - I'm in!",ajax-search-for-woocommerce,"Yes - I'm in!"
"Not today",ajax-search-for-woocommerce,"Not today"
"Replace %s search bar",ajax-search-for-woocommerce,"Replace %s search bar"
"%s Theme",ajax-search-for-woocommerce,"%s Theme"
Replace,ajax-search-for-woocommerce,Replace
"Replace all %s search bars with the Ajax Search for WooCommerce.",ajax-search-for-woocommerce,"Replace all %s search bars with the Ajax Search for WooCommerce."
"Alternative ways to embed a search bar",ajax-search-for-woocommerce,"Alternative ways to embed a search bar"
"Ajax Search for WooCommerce",ajax-search-for-woocommerce,"Ajax Search for WooCommerce"
"AJAX search bar",ajax-search-for-woocommerce,"AJAX search bar"
"Hey %s, it's Damian Góra from %s. You have used this free plugin for some time now, and I hope you like it!",ajax-search-for-woocommerce,"Hey %s, it's Damian Góra from %s. You have used this free plugin for some time now, and I hope you like it!"
"I have spent countless hours developing it, and it would mean a lot to me if you %ssupport it with a quick review on WordPress.org.%s",ajax-search-for-woocommerce,"I have spent countless hours developing it, and it would mean a lot to me if you %ssupport it with a quick review on WordPress.org.%s"
"Review %s",ajax-search-for-woocommerce,"Review %s"
"No thanks",ajax-search-for-woocommerce,"No thanks"
"Speed up search! (even 10x faster) - users love it!",ajax-search-for-woocommerce,"Speed up search! (even 10x faster) - users love it!"
"New modern search engine based on bm25 ranking algorithm",ajax-search-for-woocommerce,"New modern search engine based on bm25 ranking algorithm"
"Fuzzy search",ajax-search-for-woocommerce,"Fuzzy search"
"Search in attributes and variation products SKUs (option)",ajax-search-for-woocommerce,"Search in attributes and variation products SKUs (option)"
"Individual customization of the search form (simple CSS improvements)",ajax-search-for-woocommerce,"Individual customization of the search form (simple CSS improvements)"
"Individual tips and support by Damian Góra - the author of the plugin",ajax-search-for-woocommerce,"Individual tips and support by Damian Góra - the author of the plugin"
"Ajax Search for WooCommerce PRO - Upgrade Now",ajax-search-for-woocommerce,"Ajax Search for WooCommerce PRO - Upgrade Now"
"Update now and increase your sales. You will receive 14-day satisfaction guarantee.  A return on investment will come very quickly.",ajax-search-for-woocommerce,"Update now and increase your sales. You will receive 14-day satisfaction guarantee.  A return on investment will come very quickly."
"and more...",ajax-search-for-woocommerce,"and more..."
"See a comparison of all free and premium features!",ajax-search-for-woocommerce,"See a comparison of all free and premium features!"
"You can upgrade without leaving the admin panel by clicking below.",ajax-search-for-woocommerce,"You can upgrade without leaving the admin panel by clicking below."
"Free updates and email support included.",ajax-search-for-woocommerce,"Free updates and email support included."
"Upgrade Now",ajax-search-for-woocommerce,"Upgrade Now"
"Read More",ajax-search-for-woocommerce,"Read More"
"Regenerate WooCommerce images' ) . '</a>';
				$pluginLink = '<a target=""_blank"" href=""https://wordpress.org/plugins/regenerate-thumbnails/"">Regenerate Thumbnails</a>';
				printf( __( '<b>AJAX Search for WooCommerce</b>: It is recommended to generate a special small image size for existing products to ensure a better user experience. This is a one-time action. <br /><br />You can do it by clicking %s or use external plugin e.g. %s.",ajax-search-for-woocommerce,"Regenerate WooCommerce images' ) . '</a>';
				$pluginLink = '<a target=""_blank"" href=""https://wordpress.org/plugins/regenerate-thumbnails/"">Regenerate Thumbnails</a>';
				printf( __( '<b>AJAX Search for WooCommerce</b>: It is recommended to generate a special small image size for existing products to ensure a better user experience. This is a one-time action. <br /><br />You can do it by clicking %s or use external plugin e.g. %s."
"Choose File' ) );
        $html = sprintf(
            '<input type=""text"" class=""%1$s-text %2$surl"" id=""%3$s[%4$s]"" name=""%3$s[%4$s]"" value=""%5$s""/>',
            $size,
            $this->prefix,
            $this->name,
            $args['id'],
            $value
        );
        $html .= '<input type=""button"" class=""button ' . $this->prefix . 'browse"" value=""' . $label . '"" />';
        $html .= $this->get_field_description( $args );
        echo  $html ;
    }
    
    /**
     * Displays a password field for a settings field
     *
     * @param array $args settings field args
     */
    function callback_password( $args )
    {
        $value = esc_attr( $this->get_option( $args['id'], $args['std'] ) );
        $size = ( isset( $args['size'] ) && !is_null( $args['size'] ) ? $args['size'] : 'regular' );
        $html = sprintf(
            '<input type=""password"" class=""%1$s-text"" id=""%2$s[%3$s]"" name=""%2$s[%3$s]"" value=""%4$s""/>',
            $size,
            $this->name,
            $args['id'],
            $value
        );
        $html .= $this->get_field_description( $args );
        echo  $html ;
    }
    
    /**
     * Displays a color picker field for a settings field
     *
     * @param array $args settings field args
     */
    function callback_color( $args )
    {
        $value = esc_attr( $this->get_option( $args['id'], $args['std'] ) );
        $size = ( isset( $args['size'] ) && !is_null( $args['size'] ) ? $args['size'] : 'regular' );
        $html = sprintf(
            '<input type=""text"" class=""%1$s-text wp-color-picker-field"" id=""%2$s[%3$s]"" name=""%2$s[%3$s]"" value=""%4$s"" data-default-color=""%5$s"" />',
            $size,
            $this->name,
            $args['id'],
            $value,
            $args['std']
        );
        $html .= $this->get_field_description( $args );
        echo  $html ;
    }
    
    /**
     * Displays a color picker field for a settings field
     *
     * @param array $args settings field args
     */
    function callback_desc( $args )
    {
        $html = '';
        
        if ( isset( $args['desc'] ) && !empty($args['desc']) ) {
            $html .= '<div class=""dgwt-wcas-settings-info"">';
            $html .= $args['desc'];
            $html .= '</div>';
        }
        
        echo  $html ;
    }
    
    /**
     * Displays a color picker field for a settings field
     *
     * @param array $args settings field args
     */
    function callback_datepicker( $args )
    {
        $value = esc_attr( $this->get_option( $args['id'], $args['std'] ) );
        $size = ( isset( $args['size'] ) && !is_null( $args['size'] ) ? $args['size'] : 'regular' );
        $html = sprintf(
            '<input type=""text"" class=""%1$s-text dgwt-datepicker-field"" id=""%2$s[%3$s]"" name=""%2$s[%3$s]"" value=""%4$s"" />',
            $size,
            $this->name,
            $args['id'],
            $value
        );
        $html .= $this->get_field_description( $args );
        echo  $html ;
    }
    
    /**
     * Displays filters rules in settings
     *
     * @param array $args settings field args
     */
    function callback_filters_rules_plug( $args )
    {
        ob_start();
        ?>
		<div id=""dgwt-wcas-settings-filters-rules"">
			<div>
				<p><?php 
        _e( 'No rules",ajax-search-for-woocommerce,"Choose File' ) );
        $html = sprintf(
            '<input type=""text"" class=""%1$s-text %2$surl"" id=""%3$s[%4$s]"" name=""%3$s[%4$s]"" value=""%5$s""/>',
            $size,
            $this->prefix,
            $this->name,
            $args['id'],
            $value
        );
        $html .= '<input type=""button"" class=""button ' . $this->prefix . 'browse"" value=""' . $label . '"" />';
        $html .= $this->get_field_description( $args );
        echo  $html ;
    }
    
    /**
     * Displays a password field for a settings field
     *
     * @param array $args settings field args
     */
    function callback_password( $args )
    {
        $value = esc_attr( $this->get_option( $args['id'], $args['std'] ) );
        $size = ( isset( $args['size'] ) && !is_null( $args['size'] ) ? $args['size'] : 'regular' );
        $html = sprintf(
            '<input type=""password"" class=""%1$s-text"" id=""%2$s[%3$s]"" name=""%2$s[%3$s]"" value=""%4$s""/>',
            $size,
            $this->name,
            $args['id'],
            $value
        );
        $html .= $this->get_field_description( $args );
        echo  $html ;
    }
    
    /**
     * Displays a color picker field for a settings field
     *
     * @param array $args settings field args
     */
    function callback_color( $args )
    {
        $value = esc_attr( $this->get_option( $args['id'], $args['std'] ) );
        $size = ( isset( $args['size'] ) && !is_null( $args['size'] ) ? $args['size'] : 'regular' );
        $html = sprintf(
            '<input type=""text"" class=""%1$s-text wp-color-picker-field"" id=""%2$s[%3$s]"" name=""%2$s[%3$s]"" value=""%4$s"" data-default-color=""%5$s"" />',
            $size,
            $this->name,
            $args['id'],
            $value,
            $args['std']
        );
        $html .= $this->get_field_description( $args );
        echo  $html ;
    }
    
    /**
     * Displays a color picker field for a settings field
     *
     * @param array $args settings field args
     */
    function callback_desc( $args )
    {
        $html = '';
        
        if ( isset( $args['desc'] ) && !empty($args['desc']) ) {
            $html .= '<div class=""dgwt-wcas-settings-info"">';
            $html .= $args['desc'];
            $html .= '</div>';
        }
        
        echo  $html ;
    }
    
    /**
     * Displays a color picker field for a settings field
     *
     * @param array $args settings field args
     */
    function callback_datepicker( $args )
    {
        $value = esc_attr( $this->get_option( $args['id'], $args['std'] ) );
        $size = ( isset( $args['size'] ) && !is_null( $args['size'] ) ? $args['size'] : 'regular' );
        $html = sprintf(
            '<input type=""text"" class=""%1$s-text dgwt-datepicker-field"" id=""%2$s[%3$s]"" name=""%2$s[%3$s]"" value=""%4$s"" />',
            $size,
            $this->name,
            $args['id'],
            $value
        );
        $html .= $this->get_field_description( $args );
        echo  $html ;
    }
    
    /**
     * Displays filters rules in settings
     *
     * @param array $args settings field args
     */
    function callback_filters_rules_plug( $args )
    {
        ob_start();
        ?>
		<div id=""dgwt-wcas-settings-filters-rules"">
			<div>
				<p><?php 
        _e( 'No rules"
"Add new rule",ajax-search-for-woocommerce,"Add new rule"
Contact,ajax-search-for-woocommerce,Contact
Showcase,ajax-search-for-woocommerce,Showcase
Troubleshooting,ajax-search-for-woocommerce,Troubleshooting
Troubleshooting,ajax-search-for-woocommerce,Troubleshooting
"You are using one or more incompatible plugins",ajax-search-for-woocommerce,"You are using one or more incompatible plugins"
"You use the %s plugin. The Ajax Search for WooCommerce does not support this plugin.",ajax-search-for-woocommerce,"You use the %s plugin. The Ajax Search for WooCommerce does not support this plugin."
"You use the %s plugin. The Ajax Search for WooCommerce does not support this plugin.",ajax-search-for-woocommerce,"You use the %s plugin. The Ajax Search for WooCommerce does not support this plugin."
"Your site can perform loopback requests",ajax-search-for-woocommerce,"Your site can perform loopback requests"
"Your site could not complete a loopback request",ajax-search-for-woocommerce,"Your site could not complete a loopback request"
"This issue may affect the search results page and e.g. display all products every time",ajax-search-for-woocommerce,"This issue may affect the search results page and e.g. display all products every time"
Solutions:,ajax-search-for-woocommerce,Solutions:
"Do you have a Basic Auth?",ajax-search-for-woocommerce,"Do you have a Basic Auth?"
"If yes, you have to add to your <code>wp-config.php</code> file following constants. Remember to replace <code>your-username</code> and <code>your-password</code> with your values.",ajax-search-for-woocommerce,"If yes, you have to add to your <code>wp-config.php</code> file following constants. Remember to replace <code>your-username</code> and <code>your-password</code> with your values."
"Is your website publicly available only for whitelisted IPs?",ajax-search-for-woocommerce,"Is your website publicly available only for whitelisted IPs?"
"If yes, add you server IP to whitelist IPs. That’s all.",ajax-search-for-woocommerce,"If yes, add you server IP to whitelist IPs. That’s all."
"One or more required PHP extensions are missing on your server",ajax-search-for-woocommerce,"One or more required PHP extensions are missing on your server"
"Required PHP extension: %s",ajax-search-for-woocommerce,"Required PHP extension: %s"
"Required PHP extension: %s",ajax-search-for-woocommerce,"Required PHP extension: %s"
"WordPress version",ajax-search-for-woocommerce,"WordPress version"
"Great! Our plugin works great with this version of WordPress.",ajax-search-for-woocommerce,"Great! Our plugin works great with this version of WordPress."
"Install the latest version of WordPress for our plugin to work as best it can!",ajax-search-for-woocommerce,"Install the latest version of WordPress for our plugin to work as best it can!"
"Redirect to the cart page after successful addition",ajax-search-for-woocommerce,"Redirect to the cart page after successful addition"
"Enable AJAX add to cart buttons on archives",ajax-search-for-woocommerce,"Enable AJAX add to cart buttons on archives"
"Incorrect ""Add to cart"" behaviour in WooCommerce settings",ajax-search-for-woocommerce,"Incorrect ""Add to cart"" behaviour in WooCommerce settings"
Solution,ajax-search-for-woocommerce,Solution
"Go to <code>WooCommerce -> Settings -> <a href=""%s"" target=""_blank"">Products (tab)</a></code> and check option <code>%s</code> and uncheck option <code>%s</code>.",ajax-search-for-woocommerce,"Go to <code>WooCommerce -> Settings -> <a href=""%s"" target=""_blank"">Products (tab)</a></code> and check option <code>%s</code> and uncheck option <code>%s</code>."
"Your settings should looks like the picture below:",ajax-search-for-woocommerce,"Your settings should looks like the picture below:"
"Incompatible ""Searching by Text"" extension from WOOF - WooCommerce Products Filter plugin is active",ajax-search-for-woocommerce,"Incompatible ""Searching by Text"" extension from WOOF - WooCommerce Products Filter plugin is active"
Solution,ajax-search-for-woocommerce,Solution
"Go to <code>WooCommerce -> Settings -> <a href=""%s"" target=""_blank"">Products Filter (tab)</a> -> Extensions (tab)</code>, uncheck <code>Searching by Text</code> extension and save changes.",ajax-search-for-woocommerce,"Go to <code>WooCommerce -> Settings -> <a href=""%s"" target=""_blank"">Products Filter (tab)</a> -> Extensions (tab)</code>, uncheck <code>Searching by Text</code> extension and save changes."
"Extensions should looks like the picture below:",ajax-search-for-woocommerce,"Extensions should looks like the picture below:"
"WordPress version",ajax-search-for-woocommerce,"WordPress version"
"PHP extensions",ajax-search-for-woocommerce,"PHP extensions"
"Incompatible plugins",ajax-search-for-woocommerce,"Incompatible plugins"
"Incorrect ""Add to cart"" behaviour in WooCommerce settings",ajax-search-for-woocommerce,"Incorrect ""Add to cart"" behaviour in WooCommerce settings"
"Incompatible ""Searching by Text"" extension in WOOF - WooCommerce Products Filter",ajax-search-for-woocommerce,"Incompatible ""Searching by Text"" extension in WOOF - WooCommerce Products Filter"
"Loopback request",ajax-search-for-woocommerce,"Loopback request"
"Server environment",ajax-search-for-woocommerce,"Server environment"
"AJAX Search bar",ajax-search-for-woocommerce,"AJAX Search bar"
Layout,ajax-search-for-woocommerce,Layout
"Search icon color",ajax-search-for-woocommerce,"Search icon color"
"Add AJAX search bar as a menu item.",ajax-search-for-woocommerce,"Add AJAX search bar as a menu item."
"AJAX Search bar",ajax-search-for-woocommerce,"AJAX Search bar"
"AJAX search bar will be displayed here.",ajax-search-for-woocommerce,"AJAX search bar will be displayed here."
Default,ajax-search-for-woocommerce,Default
"Search bar only",ajax-search-for-woocommerce,"Search bar only"
"Search icon",ajax-search-for-woocommerce,"Search icon"
"Icon on mobile, search bar on desktop",ajax-search-for-woocommerce,"Icon on mobile, search bar on desktop"
"Search bar",ajax-search-for-woocommerce,"Search bar"
"Add to menu",ajax-search-for-woocommerce,"Add to menu"
Pro,ajax-search-for-woocommerce,Pro
Pro,ajax-search-for-woocommerce,Pro
Category,ajax-search-for-woocommerce,Category
"Tag' ),
            'brand'              => __( 'Brand",ajax-search-for-woocommerce,"Tag' ),
            'brand'              => __( 'Brand"
"Post' ),
            'page'               => __( 'Page' ),
            'vendor'             => __( 'Vendor",ajax-search-for-woocommerce,"Post' ),
            'page'               => __( 'Page' ),
            'vendor'             => __( 'Vendor"
Categories,ajax-search-for-woocommerce,Categories
"Tags' ),
            'product_plu'        => __( 'Products",ajax-search-for-woocommerce,"Tags' ),
            'product_plu'        => __( 'Products"
Brands,ajax-search-for-woocommerce,"Výrobci vín"
"Posts' ),
            'page_plu'           => __( 'Pages' ),
            'vendor_plu'         => __( 'Vendors",ajax-search-for-woocommerce,"Posts' ),
            'page_plu'           => __( 'Pages' ),
            'vendor_plu'         => __( 'Vendors"
SKU,ajax-search-for-woocommerce,SKU
Sale,ajax-search-for-woocommerce,Sale
"Sold by:",ajax-search-for-woocommerce,"Sold by:"
Featured,ajax-search-for-woocommerce,Featured
"continue reading",ajax-search-for-woocommerce,"continue reading"
"No results",ajax-search-for-woocommerce,"Žádné výsledky"
"See all products...",ajax-search-for-woocommerce,"See all products..."
"See all products...",ajax-search-for-woocommerce,"See all products..."
"Search for products...",ajax-search-for-woocommerce,Hledat
"based on the plugin %s",ajax-search-for-woocommerce,"based on the plugin %s"
"Search in brands",ajax-search-for-woocommerce,"Search in brands"
"based on the plugin %s",ajax-search-for-woocommerce,"based on the plugin %s"
"Show brands",ajax-search-for-woocommerce,"Show brands"
"Replace %s search bar",ajax-search-for-woocommerce,"Replace %s search bar"
"%s Theme",ajax-search-for-woocommerce,"%s Theme"
Replace,ajax-search-for-woocommerce,Replace
"Replace all %s search bars with the Ajax Search for WooCommerce.",ajax-search-for-woocommerce,"Replace all %s search bars with the Ajax Search for WooCommerce."
"Alternative ways to embed a search bar",ajax-search-for-woocommerce,"Alternative ways to embed a search bar"
"Replace %s search bar",ajax-search-for-woocommerce,"Replace %s search bar"
"%s Theme",ajax-search-for-woocommerce,"%s Theme"
Replace,ajax-search-for-woocommerce,Replace
"Replace all %s search bars with the Ajax Search for WooCommerce.",ajax-search-for-woocommerce,"Replace all %s search bars with the Ajax Search for WooCommerce."
"Alternative ways to embed a search bar",ajax-search-for-woocommerce,"Alternative ways to embed a search bar"
"Replace %s search bar",ajax-search-for-woocommerce,"Replace %s search bar"
"%s Theme",ajax-search-for-woocommerce,"%s Theme"
Replace,ajax-search-for-woocommerce,Replace
"Replace all %s search bars with the Ajax Search for WooCommerce.",ajax-search-for-woocommerce,"Replace all %s search bars with the Ajax Search for WooCommerce."
"Alternative ways to embed a search bar",ajax-search-for-woocommerce,"Alternative ways to embed a search bar"
"Replace %s search bar",ajax-search-for-woocommerce,"Replace %s search bar"
"%s Theme",ajax-search-for-woocommerce,"%s Theme"
Replace,ajax-search-for-woocommerce,Replace
"Replace all %s search bars with the Ajax Search for WooCommerce.<br><span style=""color: red;"">Note: We currently only support the header type: ""Header 10"".</span>",ajax-search-for-woocommerce,"Replace all %s search bars with the Ajax Search for WooCommerce.<br><span style=""color: red;"">Note: We currently only support the header type: ""Header 10"".</span>"
"Alternative ways to embed a search bar",ajax-search-for-woocommerce,"Alternative ways to embed a search bar"
"Replace %s search bar",ajax-search-for-woocommerce,"Replace %s search bar"
"%s Theme",ajax-search-for-woocommerce,"%s Theme"
Replace,ajax-search-for-woocommerce,Replace
"Replace all %s search bars with the Ajax Search for WooCommerce.",ajax-search-for-woocommerce,"Replace all %s search bars with the Ajax Search for WooCommerce."
"Alternative ways to embed a search bar",ajax-search-for-woocommerce,"Alternative ways to embed a search bar"
"Replace %s search bar",ajax-search-for-woocommerce,"Replace %s search bar"
"%s Theme",ajax-search-for-woocommerce,"%s Theme"
Replace,ajax-search-for-woocommerce,Replace
"Replace all %s search bars with the Ajax Search for WooCommerce.",ajax-search-for-woocommerce,"Replace all %s search bars with the Ajax Search for WooCommerce."
"Alternative ways to embed a search bar",ajax-search-for-woocommerce,"Alternative ways to embed a search bar"
"Replace %s search bar",ajax-search-for-woocommerce,"Replace %s search bar"
"%s Theme",ajax-search-for-woocommerce,"%s Theme"
Replace,ajax-search-for-woocommerce,Replace
"Replace all %s search bars with the Ajax Search for WooCommerce.",ajax-search-for-woocommerce,"Replace all %s search bars with the Ajax Search for WooCommerce."
"Alternative ways to embed a search bar",ajax-search-for-woocommerce,"Alternative ways to embed a search bar"
"Replace Flatsome search bar",ajax-search-for-woocommerce,"Replace Flatsome search bar"
"Flatsome Theme",ajax-search-for-woocommerce,"Flatsome Theme"
Replace,ajax-search-for-woocommerce,Replace
"Replace all Flatsome search bars with the Ajax Search for WooCommerce.",ajax-search-for-woocommerce,"Replace all Flatsome search bars with the Ajax Search for WooCommerce."
"Alternative ways to embed a search bar",ajax-search-for-woocommerce,"Alternative ways to embed a search bar"
"Here is <a href=""%s"" target=""_blank"">article</a> about how to do it using Impreza child-theme.",ajax-search-for-woocommerce,"Here is <a href=""%s"" target=""_blank"">article</a> about how to do it using Impreza child-theme."
"Replace Impreza search bar",ajax-search-for-woocommerce,"Replace Impreza search bar"
"Impreza Theme",ajax-search-for-woocommerce,"Impreza Theme"
"Alternative ways to embed a search bar",ajax-search-for-woocommerce,"Alternative ways to embed a search bar"
"Replace %s search bar",ajax-search-for-woocommerce,"Replace %s search bar"
"%s Theme",ajax-search-for-woocommerce,"%s Theme"
Replace,ajax-search-for-woocommerce,Replace
"Replace all %s search bars with the Ajax Search for WooCommerce.",ajax-search-for-woocommerce,"Replace all %s search bars with the Ajax Search for WooCommerce."
"Alternative ways to embed a search bar",ajax-search-for-woocommerce,"Alternative ways to embed a search bar"
"Replace %s search bar",ajax-search-for-woocommerce,"Replace %s search bar"
"%s Theme",ajax-search-for-woocommerce,"%s Theme"
Replace,ajax-search-for-woocommerce,Replace
"Replace all %s search bars with the Ajax Search for WooCommerce.",ajax-search-for-woocommerce,"Replace all %s search bars with the Ajax Search for WooCommerce."
"Alternative ways to embed a search bar",ajax-search-for-woocommerce,"Alternative ways to embed a search bar"
"Replace %s search bar",ajax-search-for-woocommerce,"Replace %s search bar"
"%s Theme",ajax-search-for-woocommerce,"%s Theme"
Replace,ajax-search-for-woocommerce,Replace
"Replace all %s search bars with the Ajax Search for WooCommerce.",ajax-search-for-woocommerce,"Replace all %s search bars with the Ajax Search for WooCommerce."
"Alternative ways to embed a search bar",ajax-search-for-woocommerce,"Alternative ways to embed a search bar"
"Replace %s search bar",ajax-search-for-woocommerce,"Replace %s search bar"
"%s Theme",ajax-search-for-woocommerce,"%s Theme"
Replace,ajax-search-for-woocommerce,Replace
"Replace all %s search bars with the Ajax Search for WooCommerce.",ajax-search-for-woocommerce,"Replace all %s search bars with the Ajax Search for WooCommerce."
"Alternative ways to embed a search bar",ajax-search-for-woocommerce,"Alternative ways to embed a search bar"
"Replace %s search bar",ajax-search-for-woocommerce,"Replace %s search bar"
"%s Theme",ajax-search-for-woocommerce,"%s Theme"
Replace,ajax-search-for-woocommerce,Replace
"Replace all %s search bars with the Ajax Search for WooCommerce.",ajax-search-for-woocommerce,"Replace all %s search bars with the Ajax Search for WooCommerce."
"To replace the search bar you have to enable ""Predictive Search"" option in the Shopkeeper settings.",ajax-search-for-woocommerce,"To replace the search bar you have to enable ""Predictive Search"" option in the Shopkeeper settings."
"Go to <code>Appearance -> <a target=""_blank"" href=""%s"">Customize</a> -> Header -> Search</code> and enable <code>Predictive Search</code>",ajax-search-for-woocommerce,"Go to <code>Appearance -> <a target=""_blank"" href=""%s"">Customize</a> -> Header -> Search</code> and enable <code>Predictive Search</code>"
Warning!,ajax-search-for-woocommerce,Warning!
"Alternative ways to embed a search bar",ajax-search-for-woocommerce,"Alternative ways to embed a search bar"
"Replace %s search bar",ajax-search-for-woocommerce,"Replace %s search bar"
"%s Theme",ajax-search-for-woocommerce,"%s Theme"
Replace,ajax-search-for-woocommerce,Replace
"Replace all %s search bars with the Ajax Search for WooCommerce.",ajax-search-for-woocommerce,"Replace all %s search bars with the Ajax Search for WooCommerce."
"Alternative ways to embed a search bar",ajax-search-for-woocommerce,"Alternative ways to embed a search bar"
"Replace Storefront search bar",ajax-search-for-woocommerce,"Replace Storefront search bar"
"Storefront Theme",ajax-search-for-woocommerce,"Storefront Theme"
Replace,ajax-search-for-woocommerce,Replace
"Replace the Storefront default product search to the Ajax Search for WooCommerce form.",ajax-search-for-woocommerce,"Replace the Storefront default product search to the Ajax Search for WooCommerce form."
"Alternative ways to embed a search bar",ajax-search-for-woocommerce,"Alternative ways to embed a search bar"
"Replace %s search bar",ajax-search-for-woocommerce,"Replace %s search bar"
"%s Theme",ajax-search-for-woocommerce,"%s Theme"
Replace,ajax-search-for-woocommerce,Replace
"Replace all %s search bars with the Ajax Search for WooCommerce.",ajax-search-for-woocommerce,"Replace all %s search bars with the Ajax Search for WooCommerce."
"Alternative ways to embed a search bar",ajax-search-for-woocommerce,"Alternative ways to embed a search bar"
"Replace a search bar in TheGem ",ajax-search-for-woocommerce,"Replace a search bar in TheGem "
"TheGem Theme",ajax-search-for-woocommerce,"TheGem Theme"
Replace,ajax-search-for-woocommerce,Replace
"Replace the TheGem default search",ajax-search-for-woocommerce,"Replace the TheGem default search"
"Alternative ways to embed a search bar",ajax-search-for-woocommerce,"Alternative ways to embed a search bar"
"Alternative ways to embed a search bar",ajax-search-for-woocommerce,"Alternative ways to embed a search bar"
"Replace %s search bar",ajax-search-for-woocommerce,"Replace %s search bar"
"%s Theme",ajax-search-for-woocommerce,"%s Theme"
Replace,ajax-search-for-woocommerce,Replace
"Replace all %s search bars with the Ajax Search for WooCommerce.",ajax-search-for-woocommerce,"Replace all %s search bars with the Ajax Search for WooCommerce."
"Alternative ways to embed a search bar",ajax-search-for-woocommerce,"Alternative ways to embed a search bar"
Starting,ajax-search-for-woocommerce,Starting
"Search bar",ajax-search-for-woocommerce,"Search bar"
Autocomplete,ajax-search-for-woocommerce,Autocomplete
"Search config",ajax-search-for-woocommerce,"Search config"
Indexer,ajax-search-for-woocommerce,Indexer
"Increase sales",ajax-search-for-woocommerce,"Increase sales"
"by simple tricks",ajax-search-for-woocommerce,"by simple tricks"
"How to add search bar in your theme?",ajax-search-for-woocommerce,"How to add search bar in your theme?"
"How to add?",ajax-search-for-woocommerce,"How to add?"
Basic,ajax-search-for-woocommerce,Basic
"Minimum characters",ajax-search-for-woocommerce,"Minimum characters"
"Min characters to show autocomplete",ajax-search-for-woocommerce,"Min characters to show autocomplete"
"Max form width",ajax-search-for-woocommerce,"Max form width"
"To set 100% width leave blank",ajax-search-for-woocommerce,"To set 100% width leave blank"
"Show submit button",ajax-search-for-woocommerce,"Show submit button"
"Submit label",ajax-search-for-woocommerce,"Submit label"
"To display the magnifier icon leave this field empty.",ajax-search-for-woocommerce,"To display the magnifier icon leave this field empty."
Search,ajax-search-for-woocommerce,Hledat
"Search input placeholder",ajax-search-for-woocommerce,"Search input placeholder"
"Search for products...",ajax-search-for-woocommerce,Hledat
"Layout (beta)",ajax-search-for-woocommerce,"Layout (beta)"
Layout,ajax-search-for-woocommerce,Layout
"Search bar only",ajax-search-for-woocommerce,"Search bar only"
"Search icon",ajax-search-for-woocommerce,"Search icon"
"Icon on mobile, search bar on desktop",ajax-search-for-woocommerce,"Icon on mobile, search bar on desktop"
"Overlay on mobile",ajax-search-for-woocommerce,"Overlay on mobile"
"The search will open in overlay on mobile",ajax-search-for-woocommerce,"The search will open in overlay on mobile"
"Mobile breakpoint",ajax-search-for-woocommerce,"Mobile breakpoint"
px,ajax-search-for-woocommerce,px
Colors,ajax-search-for-woocommerce,Colors
"Search icon",ajax-search-for-woocommerce,"Search icon"
"Search input background",ajax-search-for-woocommerce,"Search input background"
"Search input text",ajax-search-for-woocommerce,"Search input text"
"Search input border",ajax-search-for-woocommerce,"Search input border"
"Search submit background",ajax-search-for-woocommerce,"Search submit background"
"Search submit text",ajax-search-for-woocommerce,"Search submit text"
Preloader,ajax-search-for-woocommerce,Preloader
"Show preloader",ajax-search-for-woocommerce,"Show preloader"
"Upload preloader image",ajax-search-for-woocommerce,"Upload preloader image"
Basic,ajax-search-for-woocommerce,Basic
Limit,ajax-search-for-woocommerce,Limit
"Maximum number of suggestions",ajax-search-for-woocommerce,"Maximum number of suggestions"
"Group results",ajax-search-for-woocommerce,"Group results"
"No results",ajax-search-for-woocommerce,"Žádné výsledky"
Products,ajax-search-for-woocommerce,Products
"Show product image",ajax-search-for-woocommerce,"Show product image"
"Show price",ajax-search-for-woocommerce,"Show price"
"Show product description",ajax-search-for-woocommerce,"Show product description"
"Show SKU",ajax-search-for-woocommerce,"Show SKU"
"More results label",ajax-search-for-woocommerce,"More results label"
"See all products...",ajax-search-for-woocommerce,"See all products..."
"Non-Products in autocomplete",ajax-search-for-woocommerce,"Non-Products in autocomplete"
"Show categories",ajax-search-for-woocommerce,"Show categories"
"Show tags",ajax-search-for-woocommerce,"Show tags"
"Show posts",ajax-search-for-woocommerce,"Show posts"
"Show pages",ajax-search-for-woocommerce,"Show pages"
"Details panel",ajax-search-for-woocommerce,"Details panel"
"Show Details panel",ajax-search-for-woocommerce,"Show Details panel"
"The Details panel is an additional container for extended information. The details are changed dynamically when a user mouse over one of the suggestions.",ajax-search-for-woocommerce,"The Details panel is an additional container for extended information. The details are changed dynamically when a user mouse over one of the suggestions."
"Suggestions colors",ajax-search-for-woocommerce,"Suggestions colors"
"Suggestion background",ajax-search-for-woocommerce,"Suggestion background"
"Suggestion selected",ajax-search-for-woocommerce,"Suggestion selected"
"Text color",ajax-search-for-woocommerce,"Text color"
"Highlight color",ajax-search-for-woocommerce,"Highlight color"
"Border color",ajax-search-for-woocommerce,"Border color"
"Products search scope",ajax-search-for-woocommerce,"Products search scope"
"Search in description",ajax-search-for-woocommerce,"Search in description"
"Search in short description",ajax-search-for-woocommerce,"Search in short description"
"Search in SKU",ajax-search-for-woocommerce,"Search in SKU"
"Searching also in variable products SKU",ajax-search-for-woocommerce,"Searching also in variable products SKU"
"Searching in variable products SKU is available only in <a target=""_blank"" href=""%s"">the pro version</a>.",ajax-search-for-woocommerce,"Searching in variable products SKU is available only in <a target=""_blank"" href=""%s"">the pro version</a>."
"Search in attributes",ajax-search-for-woocommerce,"Search in attributes"
"Search in categories",ajax-search-for-woocommerce,"Search in categories"
"Search in tags",ajax-search-for-woocommerce,"Search in tags"
"Search in custom fields",ajax-search-for-woocommerce,"Search in custom fields"
"Exclude 'out of stock' products",ajax-search-for-woocommerce,"Exclude 'out of stock' products"
Fuzziness,ajax-search-for-woocommerce,Fuzziness
Synonyms,ajax-search-for-woocommerce,Synonyms
Synonyms,ajax-search-for-woocommerce,Synonyms
"Synonyms feature allows your users to find more relevant results. If your products have alternative names and users often misspelling them, consider adding synonyms.",ajax-search-for-woocommerce,"Synonyms feature allows your users to find more relevant results. If your products have alternative names and users often misspelling them, consider adding synonyms."
"Synonyms should be separated by a comma. Each new synonyms group in the new line. You can use a phrase instead of a single word. <br /> <br />Sample list:<br /> <br /><span class=""dgwt-wcas-synonyms-sample"">sofa, couch, davenport, divan, settee<br />big, grand, great, large, outsize</span>",ajax-search-for-woocommerce,"Synonyms should be separated by a comma. Each new synonyms group in the new line. You can use a phrase instead of a single word. <br /> <br />Sample list:<br /> <br /><span class=""dgwt-wcas-synonyms-sample"">sofa, couch, davenport, divan, settee<br />big, grand, great, large, outsize</span>"
"Exclude products",ajax-search-for-woocommerce,"Exclude products"
Filters,ajax-search-for-woocommerce,Filters
"Exclude from search all products that match conditions",ajax-search-for-woocommerce,"Exclude from search all products that match conditions"
"Pro features",ajax-search-for-woocommerce,"Pro features"
"Speed up search!",ajax-search-for-woocommerce,"Speed up search!"
"Scheduling Indexing",ajax-search-for-woocommerce,"Scheduling Indexing"
"Enable Scheduler",ajax-search-for-woocommerce,"Enable Scheduler"
"I most cases you don't need to use the scheduler because The search index is updating when you edit products. If you use import tools or custom code to refresh prices or bulk add/edit products, the indexing scheduler will be helpful.",ajax-search-for-woocommerce,"I most cases you don't need to use the scheduler because The search index is updating when you edit products. If you use import tools or custom code to refresh prices or bulk add/edit products, the indexing scheduler will be helpful."
Interval,ajax-search-for-woocommerce,Interval
Daily,ajax-search-for-woocommerce,Daily
Weekly,ajax-search-for-woocommerce,Weekly
"What time to rebuild the index?",ajax-search-for-woocommerce,"What time to rebuild the index?"
"Increases sales conversions",ajax-search-for-woocommerce,"Increases sales conversions"
"Returns suggestions based on likely relevance even though a search keyword may not exactly match. E.g if you type ""ipho<b>m</b>e"" you get the same results as for ""iphone""",ajax-search-for-woocommerce,"Returns suggestions based on likely relevance even though a search keyword may not exactly match. E.g if you type ""ipho<b>m</b>e"" you get the same results as for ""iphone"""
"Fuzzy matching",ajax-search-for-woocommerce,"Fuzzy matching"
"-- Disabled",ajax-search-for-woocommerce,"-- Disabled"
Soft,ajax-search-for-woocommerce,Soft
Normal,ajax-search-for-woocommerce,Normal
Hard,ajax-search-for-woocommerce,Hard
"Index status",ajax-search-for-woocommerce,"Index status"
"child theme of <b>%s</b>",ajax-search-for-woocommerce,"child theme of <b>%s</b>"
"You use <b>%s</b> theme%s. Fantastic!",ajax-search-for-woocommerce,"You use <b>%s</b> theme%s. Fantastic!"
"We support this theme and you can easily replace all default search bars.",ajax-search-for-woocommerce,"We support this theme and you can easily replace all default search bars."
"If users can’t find the product they’re searching for, they can’t buy it. Help your customers to find the right products even <span>10x faster</span>.",ajax-search-for-woocommerce,"If users can’t find the product they’re searching for, they can’t buy it. Help your customers to find the right products even <span>10x faster</span>."
"Update now and boosts your sales. You will receive <b>14-day satisfaction guarantee</b>.  A return on investment will come very quickly.",ajax-search-for-woocommerce,"Update now and boosts your sales. You will receive <b>14-day satisfaction guarantee</b>.  A return on investment will come very quickly."
"<b>New Ultra-Fast Search Engine</b> – works very fast even with 100,000+ products ",ajax-search-for-woocommerce,"<b>New Ultra-Fast Search Engine</b> – works very fast even with 100,000+ products "
"Professional and fast <b>help with embedding</b> or <b>replacing</b> the search bar in your theme",ajax-search-for-woocommerce,"Professional and fast <b>help with embedding</b> or <b>replacing</b> the search bar in your theme"
"Fuzzy search",ajax-search-for-woocommerce,"Fuzzy search"
"Search in custom fields",ajax-search-for-woocommerce,"Search in custom fields"
"Search in attributes",ajax-search-for-woocommerce,"Search in attributes"
"Search in categories",ajax-search-for-woocommerce,"Search in categories"
"Search in tags",ajax-search-for-woocommerce,"Search in tags"
"Search by variation product SKU",ajax-search-for-woocommerce,"Search by variation product SKU"
"Search in brands (WooCommerce Brands or YITH WooCommerce Brands)",ajax-search-for-woocommerce,"Search in brands (WooCommerce Brands or YITH WooCommerce Brands)"
"Search for posts and pages",ajax-search-for-woocommerce,"Search for posts and pages"
Synonyms,ajax-search-for-woocommerce,Synonyms
"Individual customization of the search bar (simple CSS improvements)",ajax-search-for-woocommerce,"Individual customization of the search bar (simple CSS improvements)"
"And more...",ajax-search-for-woocommerce,"And more..."
"See a comparison of all free and premium features!",ajax-search-for-woocommerce,"See a comparison of all free and premium features!"
"Upgrade Now!",ajax-search-for-woocommerce,"Upgrade Now!"
"There are four easy ways to display the search bar in your theme",ajax-search-for-woocommerce,"There are four easy ways to display the search bar in your theme"
"As a menu item - go to %s and add menu item ""AJAX Search bar"". Done!",ajax-search-for-woocommerce,"As a menu item - go to %s and add menu item ""AJAX Search bar"". Done!"
"Menu Screen",ajax-search-for-woocommerce,"Menu Screen"
"Using a shortcode - %s",ajax-search-for-woocommerce,"Using a shortcode - %s"
"As a widget - go to %s and choose ""AJAX Search bar""",ajax-search-for-woocommerce,"As a widget - go to %s and choose ""AJAX Search bar"""
"Widgets Screen",ajax-search-for-woocommerce,"Widgets Screen"
"By PHP - %s",ajax-search-for-woocommerce,"By PHP - %s"
"Are there any difficulties? <b>We will do it for you!</b> We offer free of charge search bar implementation for Pro users. <a target=""_blank"" href=""%s"">Become one now!</a>",ajax-search-for-woocommerce,"Are there any difficulties? <b>We will do it for you!</b> We offer free of charge search bar implementation for Pro users. <a target=""_blank"" href=""%s"">Become one now!</a>"
"The search index does not exist yet. Build it now.",ajax-search-for-woocommerce,"The search index does not exist yet. Build it now."
"Build index",ajax-search-for-woocommerce,"Build index"
"Show details",ajax-search-for-woocommerce,"Show details"
Preview,ajax-search-for-woocommerce,Preview
"Search bar",ajax-search-for-woocommerce,"Search bar"
Autocomplete,ajax-search-for-woocommerce,Autocomplete
"Products search",ajax-search-for-woocommerce,"Products search"
"Sample brand <strong>name</strong>",ajax-search-for-woocommerce,"Sample brand <strong>name</strong>"
"Sample category <strong>name</strong>",ajax-search-for-woocommerce,"Sample category <strong>name</strong>"
"Sample tag <strong>name</strong>",ajax-search-for-woocommerce,"Sample tag <strong>name</strong>"
"Sample post <strong>name</strong>",ajax-search-for-woocommerce,"Sample post <strong>name</strong>"
"Sample page <strong>name</strong>",ajax-search-for-woocommerce,"Sample page <strong>name</strong>"
"Sample product <strong>name</strong>",ajax-search-for-woocommerce,"Sample product <strong>name</strong>"
"Lorem <strong>ipsum</strong> dolor sit amet, consectetur adipiscing elit. Quisque gravida lacus nec diam porttitor pharetra. Nulla facilisi. Proin pharetra imperdiet neque, non varius.",ajax-search-for-woocommerce,"Lorem <strong>ipsum</strong> dolor sit amet, consectetur adipiscing elit. Quisque gravida lacus nec diam porttitor pharetra. Nulla facilisi. Proin pharetra imperdiet neque, non varius."
"Sample product name",ajax-search-for-woocommerce,"Sample product name"
"Lorem <strong>ipsum</strong> dolor sit amet, consectetur adipiscing elit. Quisque gravida lacus nec diam porttitor pharetra. Nulla facilisi. Proin pharetra imperdiet neque, non varius.",ajax-search-for-woocommerce,"Lorem <strong>ipsum</strong> dolor sit amet, consectetur adipiscing elit. Quisque gravida lacus nec diam porttitor pharetra. Nulla facilisi. Proin pharetra imperdiet neque, non varius."
"Add to cart",ajax-search-for-woocommerce,Koupit
"AJAX Search for WooCommerce (PRO) Settings",ajax-search-for-woocommerce,"AJAX Search for WooCommerce (PRO) Settings"
"AJAX Search for WooCommerce Settings",ajax-search-for-woocommerce,"AJAX Search for WooCommerce Settings"
"Show advanced settings",ajax-search-for-woocommerce,"Show advanced settings"
"Show advanced settings",ajax-search-for-woocommerce,"Show advanced settings"
"Processing asynchronous tests...",ajax-search-for-woocommerce,"Processing asynchronous tests..."
"Great! We have not detected any problems that could affect the correct functioning of our plugin.",ajax-search-for-woocommerce,"Great! We have not detected any problems that could affect the correct functioning of our plugin."
"Check status again",ajax-search-for-woocommerce,"Check status again"
"Products search",ajax-search-for-woocommerce,"Products search"
"Hit enter to search or ESC to close",ajax-search-for-woocommerce,"Hit enter to search or ESC to close"
"AJAX (live) search form for WooCommerce",ajax-search-for-woocommerce,"AJAX (live) search form for WooCommerce"
"AJAX Search bar",ajax-search-for-woocommerce,"AJAX Search bar"
Title,ajax-search-for-woocommerce,Title
Default,ajax-search-for-woocommerce,Default
"Search bar only",ajax-search-for-woocommerce,"Search bar only"
"Search icon",ajax-search-for-woocommerce,"Search icon"
"Icon on mobile, search bar on desktop",ajax-search-for-woocommerce,"Icon on mobile, search bar on desktop"
Layout,ajax-search-for-woocommerce,Layout
