String,"Source (plugin or theme)","Čeština (cs_CZ)"
"If you have sought support for Custom Post Type UI on the forums, you may be requested to send the information below to the plugin developer. Simply insert the email they provided in the input field at the bottom and click the ""Send debug info"" button. Only the data below will be sent to them.",custom-post-type-ui,"If you have sought support for Custom Post Type UI on the forums, you may be requested to send the information below to the plugin developer. Simply insert the email they provided in the input field at the bottom and click the ""Send debug info"" button. Only the data below will be sent to them."
"Custom Post Type UI debug information for %s",custom-post-type-ui,"Custom Post Type UI debug information for %s"
"Custom Post Types",custom-post-type-ui,"Custom Post Types"
"CPT UI",custom-post-type-ui,"CPT UI"
"Add/Edit Post Types",custom-post-type-ui,"Add/Edit Post Types"
"Add/Edit Post Types",custom-post-type-ui,"Add/Edit Post Types"
"Add/Edit Taxonomies",custom-post-type-ui,"Add/Edit Taxonomies"
"Add/Edit Taxonomies",custom-post-type-ui,"Add/Edit Taxonomies"
"Registered Types and Taxes",custom-post-type-ui,"Registered Types and Taxes"
"Registered Types/Taxes",custom-post-type-ui,"Registered Types/Taxes"
"Custom Post Type UI Tools",custom-post-type-ui,"Custom Post Type UI Tools"
Tools,custom-post-type-ui,Tools
Help/Support,custom-post-type-ui,Help/Support
Help/Support,custom-post-type-ui,Help/Support
"About CPT UI",custom-post-type-ui,"About CPT UI"
"About CPT UI",custom-post-type-ui,"About CPT UI"
"%s has been successfully added",custom-post-type-ui,"%s has been successfully added"
"%s has failed to be added",custom-post-type-ui,"%s has failed to be added"
"%s has been successfully updated",custom-post-type-ui,"%s has been successfully updated"
"%s has failed to be updated",custom-post-type-ui,"%s has failed to be updated"
"%s has been successfully deleted",custom-post-type-ui,"%s has been successfully deleted"
"%s has failed to be deleted",custom-post-type-ui,"%s has failed to be deleted"
"%s has been successfully imported",custom-post-type-ui,"%s has been successfully imported"
"%s has failed to be imported",custom-post-type-ui,"%s has failed to be imported"
"Add new %s",custom-post-type-ui,"Add new %s"
"Edit %s",custom-post-type-ui,"Edit %s"
"New %s",custom-post-type-ui,"New %s"
"View %s",custom-post-type-ui,"View %s"
"View %s",custom-post-type-ui,"View %s"
"All %s",custom-post-type-ui,"All %s"
"Search %s",custom-post-type-ui,"Search %s"
"No %s found.",custom-post-type-ui,"No %s found."
"No %s found in trash.",custom-post-type-ui,"No %s found in trash."
"Search %s",custom-post-type-ui,"Search %s"
"Popular %s",custom-post-type-ui,"Popular %s"
"All %s",custom-post-type-ui,"All %s"
"Parent %s",custom-post-type-ui,"Parent %s"
"Parent %s:",custom-post-type-ui,"Parent %s:"
"Edit %s",custom-post-type-ui,"Edit %s"
"Update %s",custom-post-type-ui,"Update %s"
"Add new %s",custom-post-type-ui,"Add new %s"
"New %s name",custom-post-type-ui,"New %s name"
"Separate %s with commas",custom-post-type-ui,"Separate %s with commas"
"Add or remove %s",custom-post-type-ui,"Add or remove %s"
"Choose from the most used %s",custom-post-type-ui,"Choose from the most used %s"
"Add new %s",custom-post-type-ui,"Add new %s"
"Edit %s",custom-post-type-ui,"Edit %s"
"New %s",custom-post-type-ui,"New %s"
"View %s",custom-post-type-ui,"View %s"
"View %s",custom-post-type-ui,"View %s"
"All %s",custom-post-type-ui,"All %s"
"Search %s",custom-post-type-ui,"Search %s"
"No %s found.",custom-post-type-ui,"No %s found."
"No %s found in trash.",custom-post-type-ui,"No %s found in trash."
"Parent %s",custom-post-type-ui,"Parent %s"
"Parent %s:",custom-post-type-ui,"Parent %s:"
"Edit %s",custom-post-type-ui,"Edit %s"
"Update %s",custom-post-type-ui,"Update %s"
"Add new %s",custom-post-type-ui,"Add new %s"
"New %s name",custom-post-type-ui,"New %s name"
"Search %s",custom-post-type-ui,"Search %s"
"Popular %s",custom-post-type-ui,"Popular %s"
"All %s",custom-post-type-ui,"All %s"
"Separate %s with commas",custom-post-type-ui,"Separate %s with commas"
"Add or remove %s",custom-post-type-ui,"Add or remove %s"
"Choose from the most used %s",custom-post-type-ui,"Choose from the most used %s"
"Custom Post Type UI",custom-post-type-ui,"Custom Post Type UI"
"Thank you for choosing Custom Post Type UI! We hope that your experience with our plugin makes creating post types and taxonomies and organizing your content quick and easy.",custom-post-type-ui,"Thank you for choosing Custom Post Type UI! We hope that your experience with our plugin makes creating post types and taxonomies and organizing your content quick and easy."
"What's new in version %s",custom-post-type-ui,"What's new in version %s"
"Ability to set a default term for a custom taxonomy.",custom-post-type-ui,"Ability to set a default term for a custom taxonomy."
"WordPress 5.5 added the ability to set a default term to your custom taxonomy, and now you do not have to worry about extra coding for that with Custom Post Type UI.",custom-post-type-ui,"WordPress 5.5 added the ability to set a default term to your custom taxonomy, and now you do not have to worry about extra coding for that with Custom Post Type UI."
"Removed forced underscores for post type slugs.",custom-post-type-ui,"Removed forced underscores for post type slugs."
"Post types are actually able to have dashes in their slug/name value, so we have removed the forcing of underscores for them. Taxonomies do still need underscores, until told otherwise.",custom-post-type-ui,"Post types are actually able to have dashes in their slug/name value, so we have removed the forcing of underscores for them. Taxonomies do still need underscores, until told otherwise."
"More from %s",custom-post-type-ui,"More from %s"
"Content types registered with Custom Post Type UI.",custom-post-type-ui,"Content types registered with Custom Post Type UI."
"Add New Post Type",custom-post-type-ui,"Add New Post Type"
"Add New Taxonomy",custom-post-type-ui,"Add New Taxonomy"
"Post Types",custom-post-type-ui,"Post Types"
"Custom Post Type UI registered post types count total: %d",custom-post-type-ui,"Custom Post Type UI registered post types count total: %d"
"Post Type",custom-post-type-ui,"Post Type"
Settings,custom-post-type-ui,Settings
Supports,custom-post-type-ui,Supports
Taxonomies,custom-post-type-ui,Taxonomies
Labels,custom-post-type-ui,Labels
"Template Hierarchy",custom-post-type-ui,"Template Hierarchy"
"Edit %1$s (%2$s)",custom-post-type-ui,"Edit %1$s (%2$s)"
"Get code",custom-post-type-ui,"Get code"
"View frontend archive",custom-post-type-ui,"View frontend archive"
"No associated taxonomies",custom-post-type-ui,"No associated taxonomies"
"No custom labels to display",custom-post-type-ui,"No custom labels to display"
"Archives file name examples.",custom-post-type-ui,"Archives file name examples."
"Single Posts file name examples.",custom-post-type-ui,"Single Posts file name examples."
"*Replace ""post_slug"" with the slug of the actual post slug.",custom-post-type-ui,"*Replace ""post_slug"" with the slug of the actual post slug."
"Template hierarchy Theme Handbook",custom-post-type-ui,"Template hierarchy Theme Handbook"
Taxonomies,custom-post-type-ui,Taxonomies
"Custom Post Type UI registered taxonomies count total: %d",custom-post-type-ui,"Custom Post Type UI registered taxonomies count total: %d"
Taxonomy,custom-post-type-ui,Taxonomy
Settings,custom-post-type-ui,Settings
"Post Types",custom-post-type-ui,"Post Types"
Labels,custom-post-type-ui,Labels
"Template Hierarchy",custom-post-type-ui,"Template Hierarchy"
"Edit %1$s (%2$s)",custom-post-type-ui,"Edit %1$s (%2$s)"
"Get code",custom-post-type-ui,"Get code"
"No custom labels to display",custom-post-type-ui,"No custom labels to display"
"Archives file name examples.",custom-post-type-ui,"Archives file name examples."
"*Replace ""term_slug"" with the slug of the actual taxonomy term.",custom-post-type-ui,"*Replace ""term_slug"" with the slug of the actual taxonomy term."
"Template hierarchy Theme Handbook",custom-post-type-ui,"Template hierarchy Theme Handbook"
"No post types registered for display. Visit %s to get started.",custom-post-type-ui,"No post types registered for display. Visit %s to get started."
"Add/Edit Post Types",custom-post-type-ui,"Add/Edit Post Types"
"No taxonomies registered for display. Visit %s to get started.",custom-post-type-ui,"No taxonomies registered for display. Visit %s to get started."
"Add/Edit Taxonomies",custom-post-type-ui,"Add/Edit Taxonomies"
"Add New Post Type",custom-post-type-ui,"Add New Post Type"
"Edit Post Types",custom-post-type-ui,"Edit Post Types"
"View Post Types",custom-post-type-ui,"View Post Types"
"Import/Export Post Types",custom-post-type-ui,"Import/Export Post Types"
Select,custom-post-type-ui,Select
"Save Post Type",custom-post-type-ui,"Save Post Type"
"Delete Post Type",custom-post-type-ui,"Delete Post Type"
"Add Post Type",custom-post-type-ui,"Add Post Type"
"(WP Core)",custom-post-type-ui,"(WP Core)"
"Save Post Type",custom-post-type-ui,"Save Post Type"
"Delete Post Type",custom-post-type-ui,"Delete Post Type"
"Add Post Type",custom-post-type-ui,"Add Post Type"
"Please provide a post type to delete",custom-post-type-ui,"Please provide a post type to delete"
"Please provide a post type name",custom-post-type-ui,"Please provide a post type name"
"Are you sure you want to delete this? Deleting will NOT remove created content.",custom-post-type-ui,"Are you sure you want to delete this? Deleting will NOT remove created content."
"Select: ",custom-post-type-ui,"Select: "
"Basic settings",custom-post-type-ui,"Basic settings"
"Toggle panel: Basic settings",custom-post-type-ui,"Toggle panel: Basic settings"
"Post Type Slug",custom-post-type-ui,"Post Type Slug"
"Slug has changed",custom-post-type-ui,"Slug has changed"
"Slug already exists",custom-post-type-ui,"Slug already exists"
"The post type name/slug. Used for various queries for post type content.",custom-post-type-ui,"The post type name/slug. Used for various queries for post type content."
"Slugs should only contain alphanumeric, latin characters. Underscores should be used in place of spaces. Set ""Custom Rewrite Slug"" field to make slug use dashes for URLs.",custom-post-type-ui,"Slugs should only contain alphanumeric, latin characters. Underscores should be used in place of spaces. Set ""Custom Rewrite Slug"" field to make slug use dashes for URLs."
"DO NOT EDIT the post type slug unless also planning to migrate posts. Changing the slug registers a new post type entry.",custom-post-type-ui,"DO NOT EDIT the post type slug unless also planning to migrate posts. Changing the slug registers a new post type entry."
"Migrate posts to newly renamed post type?",custom-post-type-ui,"Migrate posts to newly renamed post type?"
"Plural Label",custom-post-type-ui,"Plural Label"
"(e.g. Movies)",custom-post-type-ui,"(e.g. Movies)"
"Used for the post type admin menu item.",custom-post-type-ui,"Used for the post type admin menu item."
"Singular Label",custom-post-type-ui,"Singular Label"
"(e.g. Movie)",custom-post-type-ui,"(e.g. Movie)"
"Used when a singular label is needed.",custom-post-type-ui,"Used when a singular label is needed."
"Populate additional labels based on chosen labels.",custom-post-type-ui,"Populate additional labels based on chosen labels."
"Populate missing labels based on chosen labels.",custom-post-type-ui,"Populate missing labels based on chosen labels."
"Auto-populate labels",custom-post-type-ui,"Auto-populate labels"
"Additional labels",custom-post-type-ui,"Additional labels"
"Toggle panel: Basic settings",custom-post-type-ui,"Toggle panel: Basic settings"
"Post Type Description",custom-post-type-ui,"Post Type Description"
"Perhaps describe what your custom post type is used for?",custom-post-type-ui,"Perhaps describe what your custom post type is used for?"
"Menu Name",custom-post-type-ui,"Menu Name"
"Custom admin menu name for your custom post type.",custom-post-type-ui,"Custom admin menu name for your custom post type."
"(e.g. My Movies)",custom-post-type-ui,"(e.g. My Movies)"
"All Items",custom-post-type-ui,"All Items"
"Used in the post type admin submenu.",custom-post-type-ui,"Used in the post type admin submenu."
"(e.g. All Movies)",custom-post-type-ui,"(e.g. All Movies)"
"Add New",custom-post-type-ui,"Add New"
"Used in the post type admin submenu.",custom-post-type-ui,"Used in the post type admin submenu."
"(e.g. Add New)",custom-post-type-ui,"(e.g. Add New)"
"Add New Item",custom-post-type-ui,"Add New Item"
"Used at the top of the post editor screen for a new post type post.",custom-post-type-ui,"Used at the top of the post editor screen for a new post type post."
"(e.g. Add New Movie)",custom-post-type-ui,"(e.g. Add New Movie)"
"Edit Item",custom-post-type-ui,"Edit Item"
"Used at the top of the post editor screen for an existing post type post.",custom-post-type-ui,"Used at the top of the post editor screen for an existing post type post."
"(e.g. Edit Movie)",custom-post-type-ui,"(e.g. Edit Movie)"
"New Item",custom-post-type-ui,"New Item"
"Post type label. Used in the admin menu for displaying post types.",custom-post-type-ui,"Post type label. Used in the admin menu for displaying post types."
"(e.g. New Movie)",custom-post-type-ui,"(e.g. New Movie)"
"View Item",custom-post-type-ui,"View Item"
"Used in the admin bar when viewing editor screen for a published post in the post type.",custom-post-type-ui,"Used in the admin bar when viewing editor screen for a published post in the post type."
"(e.g. View Movie)",custom-post-type-ui,"(e.g. View Movie)"
"View Items",custom-post-type-ui,"View Items"
"Used in the admin bar when viewing editor screen for a published post in the post type.",custom-post-type-ui,"Used in the admin bar when viewing editor screen for a published post in the post type."
"(e.g. View Movies)",custom-post-type-ui,"(e.g. View Movies)"
"Search Item",custom-post-type-ui,"Search Item"
"Used as the text for the search button on post type list screen.",custom-post-type-ui,"Used as the text for the search button on post type list screen."
"(e.g. Search Movies)",custom-post-type-ui,"(e.g. Search Movies)"
"Not Found",custom-post-type-ui,"Not Found"
"Used when there are no posts to display on the post type list screen.",custom-post-type-ui,"Used when there are no posts to display on the post type list screen."
"(e.g. No Movies found)",custom-post-type-ui,"(e.g. No Movies found)"
"Not Found in Trash",custom-post-type-ui,"Not Found in Trash"
"Used when there are no posts to display on the post type list trash screen.",custom-post-type-ui,"Used when there are no posts to display on the post type list trash screen."
"(e.g. No Movies found in Trash)",custom-post-type-ui,"(e.g. No Movies found in Trash)"
Parent,custom-post-type-ui,Parent
"Used for hierarchical types that need a colon.",custom-post-type-ui,"Used for hierarchical types that need a colon."
"(e.g. Parent Movie:)",custom-post-type-ui,"(e.g. Parent Movie:)"
"Featured Image",custom-post-type-ui,"Featured Image"
"Used as the ""Featured Image"" phrase for the post type.",custom-post-type-ui,"Used as the ""Featured Image"" phrase for the post type."
"(e.g. Featured image for this movie)",custom-post-type-ui,"(e.g. Featured image for this movie)"
"Set Featured Image",custom-post-type-ui,"Set Featured Image"
"Used as the ""Set featured image"" phrase for the post type.",custom-post-type-ui,"Used as the ""Set featured image"" phrase for the post type."
"(e.g. Set featured image for this movie)",custom-post-type-ui,"(e.g. Set featured image for this movie)"
"Remove Featured Image",custom-post-type-ui,"Remove Featured Image"
"Used as the ""Remove featured image"" phrase for the post type.",custom-post-type-ui,"Used as the ""Remove featured image"" phrase for the post type."
"(e.g. Remove featured image for this movie)",custom-post-type-ui,"(e.g. Remove featured image for this movie)"
"Use Featured Image",custom-post-type-ui,"Use Featured Image"
"Used as the ""Use as featured image"" phrase for the post type.",custom-post-type-ui,"Used as the ""Use as featured image"" phrase for the post type."
"(e.g. Use as featured image for this movie)",custom-post-type-ui,"(e.g. Use as featured image for this movie)"
Archives,custom-post-type-ui,Archives
"Post type archive label used in nav menus.",custom-post-type-ui,"Post type archive label used in nav menus."
"(e.g. Movie archives)",custom-post-type-ui,"(e.g. Movie archives)"
"Insert into item",custom-post-type-ui,"Insert into item"
"Used as the ""Insert into post"" or ""Insert into page"" phrase for the post type.",custom-post-type-ui,"Used as the ""Insert into post"" or ""Insert into page"" phrase for the post type."
"(e.g. Insert into movie)",custom-post-type-ui,"(e.g. Insert into movie)"
"Uploaded to this Item",custom-post-type-ui,"Uploaded to this Item"
"Used as the ""Uploaded to this post"" or ""Uploaded to this page"" phrase for the post type.",custom-post-type-ui,"Used as the ""Uploaded to this post"" or ""Uploaded to this page"" phrase for the post type."
"(e.g. Uploaded to this movie)",custom-post-type-ui,"(e.g. Uploaded to this movie)"
"Filter Items List",custom-post-type-ui,"Filter Items List"
"Screen reader text for the filter links heading on the post type listing screen.",custom-post-type-ui,"Screen reader text for the filter links heading on the post type listing screen."
"(e.g. Filter movies list)",custom-post-type-ui,"(e.g. Filter movies list)"
"Items List Navigation",custom-post-type-ui,"Items List Navigation"
"Screen reader text for the pagination heading on the post type listing screen.",custom-post-type-ui,"Screen reader text for the pagination heading on the post type listing screen."
"(e.g. Movies list navigation)",custom-post-type-ui,"(e.g. Movies list navigation)"
"Items List",custom-post-type-ui,"Items List"
"Screen reader text for the items list heading on the post type listing screen.",custom-post-type-ui,"Screen reader text for the items list heading on the post type listing screen."
"(e.g. Movies list)",custom-post-type-ui,"(e.g. Movies list)"
Attributes,custom-post-type-ui,Attributes
"Used for the title of the post attributes meta box.",custom-post-type-ui,"Used for the title of the post attributes meta box."
"(e.g. Movies Attributes)",custom-post-type-ui,"(e.g. Movies Attributes)"
"""New"" menu in admin bar",custom-post-type-ui,"""New"" menu in admin bar"
"Used in New in Admin menu bar. Default ""singular name"" label.",custom-post-type-ui,"Used in New in Admin menu bar. Default ""singular name"" label."
"(e.g. Movie)",custom-post-type-ui,"(e.g. Movie)"
"Item Published",custom-post-type-ui,"Item Published"
"Used in the editor notice after publishing a post. Default ""Post published."" / ""Page published.""",custom-post-type-ui,"Used in the editor notice after publishing a post. Default ""Post published."" / ""Page published."""
"(e.g. Movie published)",custom-post-type-ui,"(e.g. Movie published)"
"Item Published Privately",custom-post-type-ui,"Item Published Privately"
"Used in the editor notice after publishing a private post. Default ""Post published privately."" / ""Page published privately.""",custom-post-type-ui,"Used in the editor notice after publishing a private post. Default ""Post published privately."" / ""Page published privately."""
"(e.g. Movie published privately.)",custom-post-type-ui,"(e.g. Movie published privately.)"
"Item Reverted To Draft",custom-post-type-ui,"Item Reverted To Draft"
"Used in the editor notice after reverting a post to draft. Default ""Post reverted to draft."" / ""Page reverted to draft.""",custom-post-type-ui,"Used in the editor notice after reverting a post to draft. Default ""Post reverted to draft."" / ""Page reverted to draft."""
"(e.g. Movie reverted to draft)",custom-post-type-ui,"(e.g. Movie reverted to draft)"
"Item Scheduled",custom-post-type-ui,"Item Scheduled"
"Used in the editor notice after scheduling a post to be published at a later date. Default ""Post scheduled."" / ""Page scheduled.""",custom-post-type-ui,"Used in the editor notice after scheduling a post to be published at a later date. Default ""Post scheduled."" / ""Page scheduled."""
"(e.g. Movie scheduled)",custom-post-type-ui,"(e.g. Movie scheduled)"
"Item Updated",custom-post-type-ui,"Item Updated"
"Used in the editor notice after updating a post. Default ""Post updated."" / ""Page updated.""",custom-post-type-ui,"Used in the editor notice after updating a post. Default ""Post updated."" / ""Page updated."""
"(e.g. Movie updated)",custom-post-type-ui,"(e.g. Movie updated)"
Settings,custom-post-type-ui,Settings
"Toggle panel: Basic settings",custom-post-type-ui,"Toggle panel: Basic settings"
Public,custom-post-type-ui,Public
"(Custom Post Type UI default: true) Whether or not posts of this type should be shown in the admin UI and is publicly queryable.",custom-post-type-ui,"(Custom Post Type UI default: true) Whether or not posts of this type should be shown in the admin UI and is publicly queryable."
"Publicly Queryable",custom-post-type-ui,"Publicly Queryable"
"(default: true) Whether or not queries can be performed on the front end as part of parse_request()",custom-post-type-ui,"(default: true) Whether or not queries can be performed on the front end as part of parse_request()"
"Show UI",custom-post-type-ui,"Show UI"
"(default: true) Whether or not to generate a default UI for managing this post type.",custom-post-type-ui,"(default: true) Whether or not to generate a default UI for managing this post type."
"Show in Nav Menus",custom-post-type-ui,"Show in Nav Menus"
"(Custom Post Type UI default: true) Whether or not this post type is available for selection in navigation menus.",custom-post-type-ui,"(Custom Post Type UI default: true) Whether or not this post type is available for selection in navigation menus."
"Delete with user",custom-post-type-ui,"Delete with user"
"(CPTUI default: false) Whether to delete posts of this type when deleting a user.",custom-post-type-ui,"(CPTUI default: false) Whether to delete posts of this type when deleting a user."
"Show in REST API",custom-post-type-ui,"Show in REST API"
"(Custom Post Type UI default: true) Whether or not to show this post type data in the WP REST API.",custom-post-type-ui,"(Custom Post Type UI default: true) Whether or not to show this post type data in the WP REST API."
"REST API base slug",custom-post-type-ui,"REST API base slug"
"REST API controller class",custom-post-type-ui,"REST API controller class"
"Has Archive",custom-post-type-ui,"Has Archive"
"If left blank, the archive slug will default to the post type slug.",custom-post-type-ui,"If left blank, the archive slug will default to the post type slug."
"(default: false) Whether or not the post type will have a post type archive URL.",custom-post-type-ui,"(default: false) Whether or not the post type will have a post type archive URL."
"Exclude From Search",custom-post-type-ui,"Exclude From Search"
"(default: false) Whether or not to exclude posts with this post type from front end search results.",custom-post-type-ui,"(default: false) Whether or not to exclude posts with this post type from front end search results."
"Capability Type",custom-post-type-ui,"Capability Type"
"The post type to use for checking read, edit, and delete capabilities. A comma-separated second value can be used for plural version.",custom-post-type-ui,"The post type to use for checking read, edit, and delete capabilities. A comma-separated second value can be used for plural version."
Hierarchical,custom-post-type-ui,Hierarchical
"(default: false) Whether or not the post type can have parent-child relationships.",custom-post-type-ui,"(default: false) Whether or not the post type can have parent-child relationships."
Rewrite,custom-post-type-ui,Rewrite
"(default: true) Whether or not WordPress should use rewrites for this post type.",custom-post-type-ui,"(default: true) Whether or not WordPress should use rewrites for this post type."
"Custom Rewrite Slug",custom-post-type-ui,"Custom Rewrite Slug"
"Custom post type slug to use instead of the default.",custom-post-type-ui,"Custom post type slug to use instead of the default."
"With Front",custom-post-type-ui,"With Front"
"(default: true) Should the permalink structure be prepended with the front base. (example: if your permalink structure is /blog/, then your links will be: false->/news/, true->/blog/news/).",custom-post-type-ui,"(default: true) Should the permalink structure be prepended with the front base. (example: if your permalink structure is /blog/, then your links will be: false->/news/, true->/blog/news/)."
"Query Var",custom-post-type-ui,"Query Var"
"(default: true) Sets the query_var key for this post type.",custom-post-type-ui,"(default: true) Sets the query_var key for this post type."
"Custom Query Var Slug",custom-post-type-ui,"Custom Query Var Slug"
"Custom query var slug to use instead of the default.",custom-post-type-ui,"Custom query var slug to use instead of the default."
"Menu Position",custom-post-type-ui,"Menu Position"
"See %s in the ""menu_position"" section. Range of 5-100",custom-post-type-ui,"See %s in the ""menu_position"" section. Range of 5-100"
"Available options",custom-post-type-ui,"Available options"
"The position in the menu order the post type should appear. show_in_menu must be true.",custom-post-type-ui,"The position in the menu order the post type should appear. show_in_menu must be true."
"Show in Menu",custom-post-type-ui,"Show in Menu"
"""Show UI"" must be ""true"". If an existing top level page such as ""tools.php"" is indicated for second input, post type will be sub menu of that.",custom-post-type-ui,"""Show UI"" must be ""true"". If an existing top level page such as ""tools.php"" is indicated for second input, post type will be sub menu of that."
"(default: true) Whether or not to show the post type in the admin menu and where to show that menu.",custom-post-type-ui,"(default: true) Whether or not to show the post type in the admin menu and where to show that menu."
"Menu Icon",custom-post-type-ui,"Menu Icon"
"Image URL or %sDashicon class name%s to use for icon. Custom image should be 20px by 20px.",custom-post-type-ui,"Image URL or %sDashicon class name%s to use for icon. Custom image should be 20px by 20px."
Supports,custom-post-type-ui,Supports
"Add support for various available post editor features on the right. A checked value means the post type feature is supported.",custom-post-type-ui,"Add support for various available post editor features on the right. A checked value means the post type feature is supported."
"Use the ""None"" option to explicitly set ""supports"" to false.",custom-post-type-ui,"Use the ""None"" option to explicitly set ""supports"" to false."
"Post type options",custom-post-type-ui,"Post type options"
Title,custom-post-type-ui,Title
Editor,custom-post-type-ui,Editor
"Featured Image",custom-post-type-ui,"Featured Image"
Excerpt,custom-post-type-ui,Excerpt
Trackbacks,custom-post-type-ui,Trackbacks
"Custom Fields",custom-post-type-ui,"Custom Fields"
Comments,custom-post-type-ui,Comments
Revisions,custom-post-type-ui,Revisions
Author,custom-post-type-ui,Author
"Page Attributes",custom-post-type-ui,"Page Attributes"
"Post Formats",custom-post-type-ui,"Post Formats"
None,custom-post-type-ui,None
"Custom ""Supports""",custom-post-type-ui,"Custom ""Supports"""
"Use this input to register custom ""supports"" values, separated by commas. Learn about this at %s",custom-post-type-ui,"Use this input to register custom ""supports"" values, separated by commas. Learn about this at %s"
"Custom ""Supports""",custom-post-type-ui,"Custom ""Supports"""
Taxonomies,custom-post-type-ui,Taxonomies
"Add support for available registered taxonomies.",custom-post-type-ui,"Add support for available registered taxonomies."
"Taxonomy options",custom-post-type-ui,"Taxonomy options"
"Custom Post Type UI Support",custom-post-type-ui,"Custom Post Type UI Support"
"Please note that %s this plugin will not handle display %s of registered post types or taxonomies in your current theme. It simply registers them for you. To display your data, check out %s. %s to see some examples that are available with Custom Post Type UI Extended. If all else fails, visit us on the %s",custom-post-type-ui,"Please note that %s this plugin will not handle display %s of registered post types or taxonomies in your current theme. It simply registers them for you. To display your data, check out %s. %s to see some examples that are available with Custom Post Type UI Extended. If all else fails, visit us on the %s"
"CPTUI Extended",custom-post-type-ui,"CPTUI Extended"
"View our Layouts page",custom-post-type-ui,"View our Layouts page"
"Support Forums",custom-post-type-ui,"Support Forums"
Pluginize,custom-post-type-ui,Pluginize
"What is Pluginize?",custom-post-type-ui,"What is Pluginize?"
"Pluginize is a marketplace of plugins by WebDevStudios.",custom-post-type-ui,"Pluginize is a marketplace of plugins by WebDevStudios."
"What does Pluginize offer?",custom-post-type-ui,"What does Pluginize offer?"
"Pluginize offers both free and paid WordPress plugins.",custom-post-type-ui,"Pluginize offers both free and paid WordPress plugins."
"Will these ad spots ever show third-party data?",custom-post-type-ui,"Will these ad spots ever show third-party data?"
"No. These spots are intended for and will only be used for other available WebDevStudios products and services.",custom-post-type-ui,"No. These spots are intended for and will only be used for other available WebDevStudios products and services."
"How can I remove the ads that suddenly started showing up?",custom-post-type-ui,"How can I remove the ads that suddenly started showing up?"
"You can have them automatically removed from display via a purchased copy of %s.",custom-post-type-ui,"You can have them automatically removed from display via a purchased copy of %s."
"Are these ad spots tracking my personal information in any way?",custom-post-type-ui,"Are these ad spots tracking my personal information in any way?"
"No, there is no data being sent out from your site with these. The only way anything is tracked is via UTM parameters for WebDevStudios\'s analytics so we can get an idea of where traffic is coming from. Those are only tracked if you actually click on an ad spot.",custom-post-type-ui,"No, there is no data being sent out from your site with these. The only way anything is tracked is via UTM parameters for WebDevStudios\'s analytics so we can get an idea of where traffic is coming from. Those are only tracked if you actually click on an ad spot."
"Do I still need Custom Post Type UI if I purchase and install Custom Post Type UI Extended?",custom-post-type-ui,"Do I still need Custom Post Type UI if I purchase and install Custom Post Type UI Extended?"
"Yes you will. The Custom Post Type UI Extended is not a replacement of the free version with added extra features. It acts based on the data made available through Custom Post Type UI",custom-post-type-ui,"Yes you will. The Custom Post Type UI Extended is not a replacement of the free version with added extra features. It acts based on the data made available through Custom Post Type UI"
"Does Custom Post Type UI Extended require multisite?",custom-post-type-ui,"Does Custom Post Type UI Extended require multisite?"
"No it does not. The Shortcode builder is not multisite dependent and will work with either setup.",custom-post-type-ui,"No it does not. The Shortcode builder is not multisite dependent and will work with either setup."
General,custom-post-type-ui,General
"I have post types with spaces in their slug and can not successfully delete them. How can I fix that?",custom-post-type-ui,"I have post types with spaces in their slug and can not successfully delete them. How can I fix that?"
"Visit the Import/Export page and copy the export code into the import side on the left. Replace the space with an underscore and then click ""Import"". You should be able to delete the individual post types afterwards.",custom-post-type-ui,"Visit the Import/Export page and copy the export code into the import side on the left. Replace the space with an underscore and then click ""Import"". You should be able to delete the individual post types afterwards."
"I changed my custom post type name and now I can not get to my posts. How do I get them back?",custom-post-type-ui,"I changed my custom post type name and now I can not get to my posts. How do I get them back?"
"You can either change the custom post type name back to the original name or try the Post Type Switcher plugin",custom-post-type-ui,"You can either change the custom post type name back to the original name or try the Post Type Switcher plugin"
"I changed my custom post type or taxonomy slug and now I have duplicates shown. How do I remove the duplicate?",custom-post-type-ui,"I changed my custom post type or taxonomy slug and now I have duplicates shown. How do I remove the duplicate?"
"Renaming the slug for a post type or taxonomy creates a new entry in our saved option which gets registered as its own post type or taxonomy. Since the settings will be mirrored from the previous slug, you will just need to delete the previous version\'s entry.",custom-post-type-ui,"Renaming the slug for a post type or taxonomy creates a new entry in our saved option which gets registered as its own post type or taxonomy. Since the settings will be mirrored from the previous slug, you will just need to delete the previous version\'s entry."
"I have added post thumbnail and/or post format support to my post type, but those do not appear when adding a post type post.",custom-post-type-ui,"I have added post thumbnail and/or post format support to my post type, but those do not appear when adding a post type post."
"Make sure your theme has post ""post-thumbnails"" theme support enabled.",custom-post-type-ui,"Make sure your theme has post ""post-thumbnails"" theme support enabled."
"Do you have any recommendations for an alternative to Visual Composer?",custom-post-type-ui,"Do you have any recommendations for an alternative to Visual Composer?"
"We recommend using VelocityPage.",custom-post-type-ui,"We recommend using VelocityPage."
"Is there any way to get Custom Post Type UI-registered post types working with Visual Composer Media Grid?",custom-post-type-ui,"Is there any way to get Custom Post Type UI-registered post types working with Visual Composer Media Grid?"
"Please see the solution from the following forum support thread.",custom-post-type-ui,"Please see the solution from the following forum support thread."
"Why can I not use dashes in post type or taxonomy slugs?",custom-post-type-ui,"Why can I not use dashes in post type or taxonomy slugs?"
"Custom Post Type UI tries to make smart choices for our users, and forcing underscores is one of them. Please see the tutorial at the following URL for how to get dashes in your permalink urls while continuing to use underscores for the actual slug.",custom-post-type-ui,"Custom Post Type UI tries to make smart choices for our users, and forcing underscores is one of them. Please see the tutorial at the following URL for how to get dashes in your permalink urls while continuing to use underscores for the actual slug."
"Front-end Display",custom-post-type-ui,"Front-end Display"
"What template files should I edit to alter my post type display?",custom-post-type-ui,"What template files should I edit to alter my post type display?"
"Please visit the %sTemplate Hierarchy%s page on the WordPress codex for details about available templates.",custom-post-type-ui,"Please visit the %sTemplate Hierarchy%s page on the WordPress codex for details about available templates."
"How do I display my custom post type on my site?",custom-post-type-ui,"How do I display my custom post type on my site?"
"We encourage checking out %s for easily displaying post type content wherever you can utilize a shortcode. If you prefer to handle on your own, you will need to utilize the %s class to handle display in custom locations. If you have set the post type to have archives, the archive url should be something like ""http://www.mysite.com/post-type-slug""",custom-post-type-ui,"We encourage checking out %s for easily displaying post type content wherever you can utilize a shortcode. If you prefer to handle on your own, you will need to utilize the %s class to handle display in custom locations. If you have set the post type to have archives, the archive url should be something like ""http://www.mysite.com/post-type-slug"""
"I have added categories and tags to my custom post type, but they do not appear in the archives.",custom-post-type-ui,"I have added categories and tags to my custom post type, but they do not appear in the archives."
"You will need to add your newly created post type to the types that the category and tag archives query for. You can see a tutorial on how to do that at %s",custom-post-type-ui,"You will need to add your newly created post type to the types that the category and tag archives query for. You can see a tutorial on how to do that at %s"
"How do I add custom post type support for custom templates selection like pages have?",custom-post-type-ui,"How do I add custom post type support for custom templates selection like pages have?"
"Please visit the %sPost Type Templates in 4.7%s post on the Make WordPress Core blog for details about setting templates for multiple post types.",custom-post-type-ui,"Please visit the %sPost Type Templates in 4.7%s post on the Make WordPress Core blog for details about setting templates for multiple post types."
Advanced,custom-post-type-ui,Advanced
"How do I add custom metaboxes to my post type?",custom-post-type-ui,"How do I add custom metaboxes to my post type?"
"We recommend checking out %s, the latest iteration of ""Custom Metaboxes and Fields for WordPress"". Both are maintained by WebDevStudios.",custom-post-type-ui,"We recommend checking out %s, the latest iteration of ""Custom Metaboxes and Fields for WordPress"". Both are maintained by WebDevStudios."
"How do I add a newly registered taxonomy to a post type that already exists?",custom-post-type-ui,"How do I add a newly registered taxonomy to a post type that already exists?"
"Check out the %s function for documentation and usage examples.",custom-post-type-ui,"Check out the %s function for documentation and usage examples."
"Post relationships?",custom-post-type-ui,"Post relationships?"
"%s has an excellent %spost%s introducing users to the %sPosts 2 Posts%s plugin that should be a good start.",custom-post-type-ui,"%s has an excellent %spost%s introducing users to the %sPosts 2 Posts%s plugin that should be a good start."
"Is there any function reference list?",custom-post-type-ui,"Is there any function reference list?"
"%s has compiled a nice list of functions used by our plugin. Note not all will be useful as they are attached to hooks.",custom-post-type-ui,"%s has compiled a nice list of functions used by our plugin. Note not all will be useful as they are attached to hooks."
"How do I filter the ""enter title here"" text in the post editor screen?",custom-post-type-ui,"How do I filter the ""enter title here"" text in the post editor screen?"
"Change text inside the post/page editor title field. Should be able to adapt as necessary.",custom-post-type-ui,"Change text inside the post/page editor title field. Should be able to adapt as necessary."
"Any help with customizing capabilities?",custom-post-type-ui,"Any help with customizing capabilities?"
"We recommend %s for some extended customization and addition of extra fields regarding roles and capabilities.",custom-post-type-ui,"We recommend %s for some extended customization and addition of extra fields regarding roles and capabilities."
"Delete Taxonomy",custom-post-type-ui,"Delete Taxonomy"
"Delete Taxonomy",custom-post-type-ui,"Delete Taxonomy"
"Are you sure you want to delete this? Deleting will NOT remove created content.",custom-post-type-ui,"Are you sure you want to delete this? Deleting will NOT remove created content."
"Please select a post type to associate with.",custom-post-type-ui,"Please select a post type to associate with."
"Add New Taxonomy",custom-post-type-ui,"Add New Taxonomy"
"Edit Taxonomies",custom-post-type-ui,"Edit Taxonomies"
"View Taxonomies",custom-post-type-ui,"View Taxonomies"
"Import/Export Taxonomies",custom-post-type-ui,"Import/Export Taxonomies"
"Select: ",custom-post-type-ui,"Select: "
"Basic settings",custom-post-type-ui,"Basic settings"
"Toggle panel: Basic settings",custom-post-type-ui,"Toggle panel: Basic settings"
"Taxonomy Slug",custom-post-type-ui,"Taxonomy Slug"
"Slug has changed",custom-post-type-ui,"Slug has changed"
"Slug already exists",custom-post-type-ui,"Slug already exists"
"Slugs should only contain alphanumeric, latin characters. Underscores should be used in place of spaces. Set ""Custom Rewrite Slug"" field to make slug use dashes for URLs.",custom-post-type-ui,"Slugs should only contain alphanumeric, latin characters. Underscores should be used in place of spaces. Set ""Custom Rewrite Slug"" field to make slug use dashes for URLs."
"DO NOT EDIT the taxonomy slug unless also planning to migrate terms. Changing the slug registers a new taxonomy entry.",custom-post-type-ui,"DO NOT EDIT the taxonomy slug unless also planning to migrate terms. Changing the slug registers a new taxonomy entry."
"Migrate terms to newly renamed taxonomy?",custom-post-type-ui,"Migrate terms to newly renamed taxonomy?"
"(e.g. Actors)",custom-post-type-ui,"(e.g. Actors)"
"Plural Label",custom-post-type-ui,"Plural Label"
"(e.g. Actor)",custom-post-type-ui,"(e.g. Actor)"
"Singular Label",custom-post-type-ui,"Singular Label"
"Populate additional labels based on chosen labels.",custom-post-type-ui,"Populate additional labels based on chosen labels."
"Populate missing labels based on chosen labels.",custom-post-type-ui,"Populate missing labels based on chosen labels."
"Auto-populate labels",custom-post-type-ui,"Auto-populate labels"
"Attach to Post Type",custom-post-type-ui,"Attach to Post Type"
"Add support for available registered post types. At least one is required. Only public post types listed by default.",custom-post-type-ui,"Add support for available registered post types. At least one is required. Only public post types listed by default."
"Post type options",custom-post-type-ui,"Post type options"
"(WP Core)",custom-post-type-ui,"(WP Core)"
"Additional labels",custom-post-type-ui,"Additional labels"
"Toggle panel: Additional labels",custom-post-type-ui,"Toggle panel: Additional labels"
Description,custom-post-type-ui,Description
"Menu Name",custom-post-type-ui,"Menu Name"
"Custom admin menu name for your taxonomy.",custom-post-type-ui,"Custom admin menu name for your taxonomy."
"All Items",custom-post-type-ui,"All Items"
"Used as tab text when showing all terms for hierarchical taxonomy while editing post.",custom-post-type-ui,"Used as tab text when showing all terms for hierarchical taxonomy while editing post."
"Edit Item",custom-post-type-ui,"Edit Item"
"Used at the top of the term editor screen for an existing taxonomy term.",custom-post-type-ui,"Used at the top of the term editor screen for an existing taxonomy term."
"View Item",custom-post-type-ui,"View Item"
"Used in the admin bar when viewing editor screen for an existing taxonomy term.",custom-post-type-ui,"Used in the admin bar when viewing editor screen for an existing taxonomy term."
"Update Item Name",custom-post-type-ui,"Update Item Name"
"Custom taxonomy label. Used in the admin menu for displaying taxonomies.",custom-post-type-ui,"Custom taxonomy label. Used in the admin menu for displaying taxonomies."
"Add New Item",custom-post-type-ui,"Add New Item"
"Used at the top of the term editor screen and button text for a new taxonomy term.",custom-post-type-ui,"Used at the top of the term editor screen and button text for a new taxonomy term."
"New Item Name",custom-post-type-ui,"New Item Name"
"Custom taxonomy label. Used in the admin menu for displaying taxonomies.",custom-post-type-ui,"Custom taxonomy label. Used in the admin menu for displaying taxonomies."
"Parent Item",custom-post-type-ui,"Parent Item"
"Custom taxonomy label. Used in the admin menu for displaying taxonomies.",custom-post-type-ui,"Custom taxonomy label. Used in the admin menu for displaying taxonomies."
"Parent Item Colon",custom-post-type-ui,"Parent Item Colon"
"Custom taxonomy label. Used in the admin menu for displaying taxonomies.",custom-post-type-ui,"Custom taxonomy label. Used in the admin menu for displaying taxonomies."
"Search Items",custom-post-type-ui,"Search Items"
"Custom taxonomy label. Used in the admin menu for displaying taxonomies.",custom-post-type-ui,"Custom taxonomy label. Used in the admin menu for displaying taxonomies."
"Popular Items",custom-post-type-ui,"Popular Items"
"Custom taxonomy label. Used in the admin menu for displaying taxonomies.",custom-post-type-ui,"Custom taxonomy label. Used in the admin menu for displaying taxonomies."
"Separate Items with Commas",custom-post-type-ui,"Separate Items with Commas"
"Custom taxonomy label. Used in the admin menu for displaying taxonomies.",custom-post-type-ui,"Custom taxonomy label. Used in the admin menu for displaying taxonomies."
"Add or Remove Items",custom-post-type-ui,"Add or Remove Items"
"Custom taxonomy label. Used in the admin menu for displaying taxonomies.",custom-post-type-ui,"Custom taxonomy label. Used in the admin menu for displaying taxonomies."
"Choose From Most Used",custom-post-type-ui,"Choose From Most Used"
"Custom taxonomy label. Used in the admin menu for displaying taxonomies.",custom-post-type-ui,"Custom taxonomy label. Used in the admin menu for displaying taxonomies."
"Not found",custom-post-type-ui,"Not found"
"Custom taxonomy label. Used in the admin menu for displaying taxonomies.",custom-post-type-ui,"Custom taxonomy label. Used in the admin menu for displaying taxonomies."
"(e.g. No actors)",custom-post-type-ui,"(e.g. No actors)"
"No terms",custom-post-type-ui,"No terms"
"(e.g. Actors list navigation)",custom-post-type-ui,"(e.g. Actors list navigation)"
"Items List Navigation",custom-post-type-ui,"Items List Navigation"
"(e.g. Actors list)",custom-post-type-ui,"(e.g. Actors list)"
"Items List",custom-post-type-ui,"Items List"
"(e.g. No actors found)",custom-post-type-ui,"(e.g. No actors found)"
"Not Found",custom-post-type-ui,"Not Found"
"(e.g. &larr; Back to actors",custom-post-type-ui,"(e.g. &larr; Back to actors"
"Back to Items",custom-post-type-ui,"Back to Items"
Settings,custom-post-type-ui,Settings
"Toggle panel: Settings",custom-post-type-ui,"Toggle panel: Settings"
Public,custom-post-type-ui,Public
"(default: true) Whether a taxonomy is intended for use publicly either via the admin interface or by front-end users.",custom-post-type-ui,"(default: true) Whether a taxonomy is intended for use publicly either via the admin interface or by front-end users."
"Public Queryable",custom-post-type-ui,"Public Queryable"
"(default: value of ""public"" setting) Whether or not the taxonomy should be publicly queryable.",custom-post-type-ui,"(default: value of ""public"" setting) Whether or not the taxonomy should be publicly queryable."
Hierarchical,custom-post-type-ui,Hierarchical
"(default: false) Whether the taxonomy can have parent-child relationships.",custom-post-type-ui,"(default: false) Whether the taxonomy can have parent-child relationships."
"Show UI",custom-post-type-ui,"Show UI"
"(default: true) Whether to generate a default UI for managing this custom taxonomy.",custom-post-type-ui,"(default: true) Whether to generate a default UI for managing this custom taxonomy."
"Show in menu",custom-post-type-ui,"Show in menu"
"(default: value of show_ui) Whether to show the taxonomy in the admin menu.",custom-post-type-ui,"(default: value of show_ui) Whether to show the taxonomy in the admin menu."
"Show in nav menus",custom-post-type-ui,"Show in nav menus"
"(default: value of public) Whether to make the taxonomy available for selection in navigation menus.",custom-post-type-ui,"(default: value of public) Whether to make the taxonomy available for selection in navigation menus."
"Query Var",custom-post-type-ui,"Query Var"
"(default: true) Sets the query_var key for this taxonomy.",custom-post-type-ui,"(default: true) Sets the query_var key for this taxonomy."
"Custom Query Var String",custom-post-type-ui,"Custom Query Var String"
"Sets a custom query_var slug for this taxonomy.",custom-post-type-ui,"Sets a custom query_var slug for this taxonomy."
Rewrite,custom-post-type-ui,Rewrite
"(default: true) Whether or not WordPress should use rewrites for this taxonomy.",custom-post-type-ui,"(default: true) Whether or not WordPress should use rewrites for this taxonomy."
"Custom Rewrite Slug",custom-post-type-ui,"Custom Rewrite Slug"
"Custom taxonomy rewrite slug.",custom-post-type-ui,"Custom taxonomy rewrite slug."
"Rewrite With Front",custom-post-type-ui,"Rewrite With Front"
"(default: true) Should the permastruct be prepended with the front base.",custom-post-type-ui,"(default: true) Should the permastruct be prepended with the front base."
"Rewrite Hierarchical",custom-post-type-ui,"Rewrite Hierarchical"
"(default: false) Should the permastruct allow hierarchical urls.",custom-post-type-ui,"(default: false) Should the permastruct allow hierarchical urls."
"Show Admin Column",custom-post-type-ui,"Show Admin Column"
"(default: false) Whether to allow automatic creation of taxonomy columns on associated post-types.",custom-post-type-ui,"(default: false) Whether to allow automatic creation of taxonomy columns on associated post-types."
"Show in REST API",custom-post-type-ui,"Show in REST API"
"(Custom Post Type UI default: true) Whether to show this taxonomy data in the WP REST API.",custom-post-type-ui,"(Custom Post Type UI default: true) Whether to show this taxonomy data in the WP REST API."
"REST API base slug",custom-post-type-ui,"REST API base slug"
"REST API controller class",custom-post-type-ui,"REST API controller class"
"Show in quick/bulk edit panel.",custom-post-type-ui,"Show in quick/bulk edit panel."
"(default: false) Whether to show the taxonomy in the quick/bulk edit panel.",custom-post-type-ui,"(default: false) Whether to show the taxonomy in the quick/bulk edit panel."
"Metabox callback",custom-post-type-ui,"Metabox callback"
"Sets a callback function name for the meta box display. Hierarchical default: post_categories_meta_box, non-hierarchical default: post_tags_meta_box. To remove the metabox completely, use ""false"".",custom-post-type-ui,"Sets a callback function name for the meta box display. Hierarchical default: post_categories_meta_box, non-hierarchical default: post_tags_meta_box. To remove the metabox completely, use ""false""."
"Default Term",custom-post-type-ui,"Default Term"
"Set a default term for the taxonomy. Able to set a name, slug, and description. Only a name is required if setting a default, others are optional. Set values in the following order, separated by comma. Example: name, slug, description",custom-post-type-ui,"Set a default term for the taxonomy. Able to set a name, slug, and description. Only a name is required if setting a default, others are optional. Set values in the following order, separated by comma. Example: name, slug, description"
"Please provide a taxonomy to delete",custom-post-type-ui,"Please provide a taxonomy to delete"
"Please provide a taxonomy name",custom-post-type-ui,"Please provide a taxonomy name"
"Post Types",custom-post-type-ui,"Post Types"
Taxonomies,custom-post-type-ui,Taxonomies
"Get Code",custom-post-type-ui,"Get Code"
"Debug Info",custom-post-type-ui,"Debug Info"
"<?php echo esc_html( $taxonomy['label'] ); ?>",custom-post-type-ui,"<?php echo esc_html( $taxonomy['label'] ); ?>"
"<?php echo esc_html( $taxonomy['singular_label'] ); ?>",custom-post-type-ui,"<?php echo esc_html( $taxonomy['singular_label'] ); ?>"
"' . esc_html( $label ) . '",custom-post-type-ui,"' . esc_html( $label ) . '"
"<?php echo $taxonomy['label']; ?>",custom-post-type-ui,"<?php echo $taxonomy['label']; ?>"
"<?php echo $post_type['label']; ?>",custom-post-type-ui,"<?php echo $post_type['label']; ?>"
"<?php echo $post_type['singular_label']; ?>",custom-post-type-ui,"<?php echo $post_type['singular_label']; ?>"
"' . $label . '",custom-post-type-ui,"' . $label . '"
"' . $label . '",custom-post-type-ui,"' . $label . '"
"<?php echo $post_type['label']; ?>",custom-post-type-ui,"<?php echo $post_type['label']; ?>"
"Send debug info",custom-post-type-ui,"Send debug info"
"No taxonomies to display at this time",custom-post-type-ui,"No taxonomies to display at this time"
"No post types to display at this time",custom-post-type-ui,"No post types to display at this time"
"If you are wanting to migrate registered post types or taxonomies from this site to another, that will also use Custom Post Type UI, use the import and export functionality. If you are moving away from Custom Post Type UI, use the information in the ""Get Code"" tab.",custom-post-type-ui,"If you are wanting to migrate registered post types or taxonomies from this site to another, that will also use Custom Post Type UI, use the import and export functionality. If you are moving away from Custom Post Type UI, use the information in the ""Get Code"" tab."
NOTE,custom-post-type-ui,NOTE
"This will not export the associated posts or taxonomy terms, just the settings.",custom-post-type-ui,"This will not export the associated posts or taxonomy terms, just the settings."
"Import Post Types",custom-post-type-ui,"Import Post Types"
Note:,custom-post-type-ui,Note:
"Importing will overwrite previous registered settings.",custom-post-type-ui,"Importing will overwrite previous registered settings."
"To import post types from a different WordPress site, paste the exported content from that site and click the ""Import"" button.",custom-post-type-ui,"To import post types from a different WordPress site, paste the exported content from that site and click the ""Import"" button."
"Export Post Types settings",custom-post-type-ui,"Export Post Types settings"
"No post types registered yet.",custom-post-type-ui,"No post types registered yet."
"Use the content above to import current post types into a different WordPress site. You can also use this to simply back up your post type settings.",custom-post-type-ui,"Use the content above to import current post types into a different WordPress site. You can also use this to simply back up your post type settings."
"Import Taxonomies",custom-post-type-ui,"Import Taxonomies"
Note:,custom-post-type-ui,Note:
"Importing will overwrite previous registered settings.",custom-post-type-ui,"Importing will overwrite previous registered settings."
"To import taxonomies from a different WordPress site, paste the exported content from that site and click the ""Import"" button.",custom-post-type-ui,"To import taxonomies from a different WordPress site, paste the exported content from that site and click the ""Import"" button."
"Export Taxonomies settings",custom-post-type-ui,"Export Taxonomies settings"
"No taxonomies registered yet.",custom-post-type-ui,"No taxonomies registered yet."
"Use the content above to import current taxonomies into a different WordPress site. You can also use this to simply back up your taxonomy settings.",custom-post-type-ui,"Use the content above to import current taxonomies into a different WordPress site. You can also use this to simply back up your taxonomy settings."
"Get Post Type and Taxonomy Code",custom-post-type-ui,"Get Post Type and Taxonomy Code"
"All Custom Post Type UI Post Types",custom-post-type-ui,"All Custom Post Type UI Post Types"
"All of the selectable code snippets below are useful if you wish to migrate away from Custom Post Type UI and retain your existing registered post types or taxonomies.",custom-post-type-ui,"All of the selectable code snippets below are useful if you wish to migrate away from Custom Post Type UI and retain your existing registered post types or taxonomies."
"Copy/paste the code below into your functions.php file.",custom-post-type-ui,"Copy/paste the code below into your functions.php file."
"%s Post Type",custom-post-type-ui,"%s Post Type"
"Copy/paste the code below into your functions.php file.",custom-post-type-ui,"Copy/paste the code below into your functions.php file."
"All Custom Post Type UI Taxonomies",custom-post-type-ui,"All Custom Post Type UI Taxonomies"
"Copy/paste the code below into your functions.php file.",custom-post-type-ui,"Copy/paste the code below into your functions.php file."
"%s Taxonomy",custom-post-type-ui,"%s Taxonomy"
"Copy/paste the code below into your functions.php file.",custom-post-type-ui,"Copy/paste the code below into your functions.php file."
"Please provide an email address to send debug information to: ",custom-post-type-ui,"Please provide an email address to send debug information to: "
About,custom-post-type-ui,About
Help,custom-post-type-ui,Help
"%s version %s by %s",custom-post-type-ui,"%s version %s by %s"
"Custom Post Type UI",custom-post-type-ui,"Custom Post Type UI"
"Support forums",custom-post-type-ui,"Support forums"
"Review %s",custom-post-type-ui,"Review %s"
"Follow on Twitter:",custom-post-type-ui,"Follow on Twitter:"
"Remove these ads?",custom-post-type-ui,"Remove these ads?"
Object,custom-post-type-ui,Object
"%s has been successfully added",custom-post-type-ui,"%s has been successfully added"
"%s has failed to be added",custom-post-type-ui,"%s has failed to be added"
"%s has been successfully updated",custom-post-type-ui,"%s has been successfully updated"
"%s has failed to be updated",custom-post-type-ui,"%s has failed to be updated"
"%s has been successfully deleted",custom-post-type-ui,"%s has been successfully deleted"
"%s has failed to be deleted",custom-post-type-ui,"%s has failed to be deleted"
"Successfully imported data.",custom-post-type-ui,"Successfully imported data."
"Invalid data provided",custom-post-type-ui,"Invalid data provided"
"Nonce failed verification",custom-post-type-ui,"Nonce failed verification"
"Please choose a different post type name. %s is already registered.",custom-post-type-ui,"Please choose a different post type name. %s is already registered."
"Please choose a different taxonomy name. %s is already registered.",custom-post-type-ui,"Please choose a different taxonomy name. %s is already registered."
"Please provide a post type to attach to.",custom-post-type-ui,"Please provide a post type to attach to."
"Please choose a different post type name. %s matches an existing page slug, which can cause conflicts.",custom-post-type-ui,"Please choose a different post type name. %s matches an existing page slug, which can cause conflicts."
"Please do not use quotes in post type/taxonomy names or rewrite slugs",custom-post-type-ui,"Please do not use quotes in post type/taxonomy names or rewrite slugs"
"Please provide whether you are importing post types or taxonomies",custom-post-type-ui,"Please provide whether you are importing post types or taxonomies"
"Please provide a path to the file holding your CPTUI JSON data.",custom-post-type-ui,"Please provide a path to the file holding your CPTUI JSON data."
"No JSON data found",custom-post-type-ui,"No JSON data found"
"An error on import occurred",custom-post-type-ui,"An error on import occurred"
"Imported %s successfully",custom-post-type-ui,"Imported %s successfully"
"Please provide whether you are exporting your post types or taxonomies",custom-post-type-ui,"Please provide whether you are exporting your post types or taxonomies"
"Please provide a path to export your data to.",custom-post-type-ui,"Please provide a path to export your data to."
"Error saving data.",custom-post-type-ui,"Error saving data."
"Successfully saved data to file.",custom-post-type-ui,"Successfully saved data to file."
